<PAD>	1000000000
<UNK>	1000000000
<S>	1000000000
</S>	1000000000
ti	27042
si	26635
o	23248
ni	22749
awon	15079
won	14617
re	11449
fun	9469
pe	9135
ati	9019
yoo	7797
ki	7742
se	7370
naa	7314
wa	7284
ko	7098
a	6622
n	6238
bi	6045
oluwa	5530
fi	5276
mi	5142
mo	4973
lati	4914
emi	4794
e	4779
ba	4646
gbogbo	4515
wi	4506
je	4458
nitori	4379
omo	4336
nigba	4331
lo	3952
yin	3716
ile	3423
eniyan	3352
iwo	3346
mu	3322
ninu	3260
sugbon	3190
ara	3061
olorun	2988
so	2949
pelu	2886
i	2796
ohun	2712
le	2645
kan	2539
eni	2366
oba	2319
eyi	2253
eyin	2172
gbe	1999
to	1983
isireli	1949
ri	1948
yii	1850
maa	1748
un	1727
ojo	1672
pa	1624
di	1557
wo	1538
bee	1511
gba	1503
okunrin	1450
kuro	1427
oun	1382
ma	1346
gege	1343
baba	1312
da	1236
oro	1198
tabi	1198
owo	1178
de	1171
jade	1168
ilu	1128
gbo	1115
okan	1103
inu	1092
lori	1059
odo	1046
ibi	1038
jesu	1033
nipa	1001
awa	996
ona	974
wonyi	962
oju	953
pada	947
dafidi	919
leyin	917
ogun	892
tun	883
duro	876
sile	873
lowo	866
!	852
ise	796
bo	794
ese	786
alufaa	772
ran	769
igba	767
mimo	764
titi	761
ori	758
mose	750
niwaju	749
ku	734
odun	676
fe	667
iranse	659
aye	655
ka	647
olori	645
enu	643
oke	638
juda	636
nnkan	628
oruko	625
orun	593
gbodo	591
nla	590
enikeni	586
ta	575
oko	563
ju	560
obinrin	557
laarin	554
omi	552
ebo	547
aso	544
jerusalemu	541
sinu	540
dide	528
arakunrin	522
ha	517
buburu	513
ya	511
be	510
nje	503
dahun	500
lara	500
ejibiti	495
soro	481
nibe	477
ofin	476
ede	468
igi	465
rere	450
po	450
ore	449
jo	445
opo	439
agbara	435
yi	435
beere	431
bayii	430
orile	430
meji	428
iye	422
iha	418
yan	415
yo	410
ye	406
tan	404
ago	404
kun	399
soke	396
eya	394
omokunrin	394
ro	393
sin	382
eran	374
soolu	373
wolii	373
ijoba	370
omobinrin	367
sun	367
kirisiti	359
iran	359
ounje	357
sa	357
jakobu	356
akoko	355
idile	355
run	355
ase	353
aya	353
wura	351
lodo	348
eru	348
ina	347
ida	346
san	346
ru	345
pepe	340
oorun	338
han	338
miiran	336
fa	335
iya	333
agbo	332
maluu	330
nisinsin	326
ijo	324
egbe	324
eje	323
koja	321
rin	321
loju	320
dabi	320
u	319
la	319
pase	319
lohun	317
okun	316
pupo	315
okuta	312
nibi	312
tele	308
sibe	307
an	305
aguntan	305
aroni	303
tile	302
iru	302
ja	297
enikan	293
bere	292
eso	292
lefi	291
idajo	287
te	283
iwa	282
alaafia	280
iwe	279
dara	279
sori	271
ibinu	268
tu	268
ife	266
jokoo	264
beru	263
goke	262
omo-eyin	261
ogbon	261
fo	259
ere	258
die	257
ogo	254
oku	254
sise	253
orisa	251
ani	250
ako	250
sodo	249
babiloni	249
alagbara	248
keji	248
opolopo	247
solomoni	241
ota	240
juu	238
josefu	238
tire	237
sokale	237
idi	235
osu	235
filistini	230
kiyesi	228
ohunkohun	227
eti	226
farao	226
meta	226
otito	225
meje	225
siwaju	224
majemu	224
fadaka	224
ibe	220
olukuluku	219
aarin	219
eri	214
ododo	214
igbonwo	209
sisun	206
joba	204
yipada	203
subu	203
iwaju	203
lu	202
wole	200
gidigidi	199
odi	199
ijoye	198
ipin	198
iyawo	195
apa	195
ororo	195
aburahamu	195
josua	194
keke	194
giga	194
mejeeji	191
ayo	190
nikan	187
agbegbe	186
ami	186
gbadura	183
tempili	181
olododo	181
awo	180
na	179
bu	178
eranko	176
angeli	176
iku	175
opa	175
omo-ogun	174
kigbe	173
peteru	173
eese	169
ini	168
yara	168
ke	167
ola	166
igbagbo	166
in	166
ipo	165
ajo	165
oru	164
ranti	164
iba	164
imole	164
we	163
ide	162
pese	162
akara	161
laaye	161
poolu	160
ranse	158
isinmi	158
ipa	158
ra	157
feran	156
elo	156
ge	155
ebi	154
ila	154
apoti	154
benjamini	153
iwon	153
labe	153
imo	152
ji	150
iso	149
kookan	148
jodani	147
ajara	147
owuro	145
moabu	144
opin	143
pamo	143
pade	142
nitooto	141
aimo	141
gun	141
mewaa	139
pin	139
sunmo	139
aanu	138
dun	138
sele	137
kale	137
ija	136
baa	136
samueli	135
iparun	135
waini	134
johanu	134
papa	133
binu	133
igbe	132
esin	129
ibudo	128
bawo	128
julo	127
kankan	127
tori	127
ogba	126
kenani	125
egberun	125
turari	124
eye	123
joabu	123
ologbon	123
jeun	122
jeremaya	122
okunkun	121
ewure	121
egun	120
ite	120
manase	120
ketekete	119
rara	119
iho	119
didun	119
ilana	119
gusu	118
igbekun	118
amoni	117
daradara	117
lonii	117
ilekun	117
mejila	117
bura	117
aabo	117
merin	117
on	116
alejo	115
otun	114
ebun	114
ariwa	113
oye	113
apata	113
ekun	113
ete	113
pari	112
aafin	112
alaimo	112
elomiran	112
iyin	112
ga	112
lule	111
akobi	111
doju	111
gbagbo	111
esu	110
aala	109
lenu	109
efuraimu	108
ikoko	108
loooto	107
asiria	107
asa	107
niwon	106
asan	106
afonifoji	105
isaaki	105
irun	105
fun-un	104
oni	104
nipase	104
jije	104
talaka	104
oluso	104
marun-un	103
tuntun	103
wu	102
mole	102
ala	101
rubo	101
nibo	101
ileri	101
abusalomu	100
simoni	100
waasu	99
bakan	99
jonatani	99
agbala	98
ipade	98
kolu	98
iponju	98
ibukun	98
edomu	98
saaju	97
samaria	97
orin	97
koriira	96
iyoku	96
irin	96
lodi	95
elija	95
sunkun	95
segun	95
abe	95
orile-ede	95
igbo	94
sii	94
nisinsinyii	94
dari	94
patapata	94
ero	93
ejo	93
laelae	93
lae	93
ogiri	93
gbin	93
keje	92
jowo	92
kekere	92
eke	92
egungun	91
kinniun	91
gigun	91
ewe	91
isura	91
lepa	91
iyanu	90
sare	90
irira	90
keta	90
oti	89
adura	89
jeroboamu	89
sekeli	89
oka	89
tita	89
alaaye	89
hesekaya	88
iboji	88
dagba	88
asale	87
isale	87
elisa	86
mura	86
arabinrin	86
sofo	86
agbaagba	86
lorun	86
ahabu	85
egbaa	85
kin	85
seyin	85
lai	85
farisi	84
giliadi	84
ogoji	84
alaini	84
lase	84
mefa	83
dan	83
soto	83
kowe	83
onise	83
funra	83
ewu	82
oluko	82
mimu	82
alaikola	82
pon	82
temi	82
iro	81
nebukadinesari	81
ireti	81
dipo	81
irekoja	81
kiri	81
dese	81
iyan	81
ekeji	81
asiko	81
ofo	81
arun	80
jehosafati	80
iberu	80
igbala	80
parun	80
ope	79
saa	78
eka	78
owe	78
sure	78
lagbara	77
agba	77
rekoja	77
afefe	77
ika	77
pipe	77
eko	77
tesiwaju	77
kede	77
ale	77
danieli	77
oga	76
kerubu	76
laaarin	76
tobi	76
alade	76
koriko	76
omugo	76
ipe	75
ibanuje	75
lile	74
kilo	74
nu	74
ita	74
segbe	73
bukun	73
koju	73
amori	72
dubule	72
kiki	72
ora	72
fitila	72
etutu	72
aaye	72
dani	72
daju	72
igun	72
leere	71
kin-in-ni	71
tutu	71
baali	71
kaakiri	71
dajudaju	71
rubeni	71
agbere	70
soso	70
ahoro	70
osuwon	70
itiju	70
ibugbe	70
oore-ofe	70
galili	70
yika	69
gbagbe	69
gadi	69
koko	69
jehu	69
pejo	69
aburamu	69
osin	69
sara	69
pago	68
elerii	68
sinmi	68
ole	68
osan	68
lona	68
oniruuru	68
elese	67
sihoni	67
aadota	67
jerii	67
niyii	67
lasan	66
idaji	66
okookan	66
ahon	66
boya	65
apositeli	65
baale	65
ajeji	65
funfun	65
ikogun	65
joobu	65
teti	65
odomokunrin	65
sinsin	64
igberaga	64
fife	64
iranlowo	64
gbangba	63
papo	63
balogun	63
niyi	63
hu	63
itan	63
fere	62
dake	62
eda	62
tabili	62
asotele	62
ode	62
jinna	62
egbon	62
ogbo	62
fon	62
laisi	62
ibode	62
omode	62
irora	62
paapaa	61
ileto	61
owon	61
wakati	61
balamu	61
teriba	61
oloro	61
iranti	61
alaigbon	61
isin	60
ewon	60
omiran	60
siria	60
itumo	60
sora	60
lele	60
akoso	60
ariwo	60
leti	60
wahala	59
tii	59
akowe	59
erupe	59
sote	59
petele	59
jiya	59
salo	59
farahan	58
iwonyi	58
leekan	58
wariri	58
mule	58
oloye	58
labani	57
omo-odo	57
baje	57
gan	57
riran	57
feti	57
gidioni	56
seku	56
eto	56
egan	56
iji	56
sotele	56
gbekele	56
kere	56
agbelebuu	56
pinnu	56
gbigbe	56
gbon	55
sioni	55
pansaga	55
ajaga	54
pilatu	54
alase	54
won-on-ni	54
marun	54
oso	54
iyefun	54
danu	54
ayeraye	53
oruka	53
eja	53
abimeleki	53
sinagogu	53
saanu	53
abineri	53
iroyin	53
buru	53
jagunjagun	52
sekemu	52
yato	52
osi	52
midiani	52
jeriko	52
sedekaya	52
eba	52
beteli	51
talenti	51
oja	51
eleyii	51
afoju	51
lopo	51
yala	51
aadorin	51
olola	51
bori	51
jagun	51
olodi	51
kegan	50
loyun	50
aladuugbo	50
maria	50
kanga	50
jona	50
aworan	50
logo	50
abo	50
toju	50
gbero	49
olufe	49
iyebiye	49
irubo	49
oloooto	49
modekai	48
igboya	48
ipile	48
rehoboamu	48
amure	48
yooku	48
etan	48
damasiku	48
ayaba	48
olifi	47
ofa	47
herodu	47
esita	47
gbogun	47
su	47
ihamora	47
noa	47
opoto	47
ibu	47
lojo	47
wewe	47
irole	47
kedari	46
idamewaa	46
ebe	46
oran	46
sita	46
kutukutu	46
elegbe	46
irawo	46
eliasari	46
amo	46
esun	46
gbigbona	46
dojuko	46
ibere	46
rakeli	46
ihooho	45
pipa	45
abuku	45
alakooso	45
ibusun	45
tubu	45
imoran	44
wundia	44
idahun	44
ojiji	44
pataki	44
isimaeli	44
nihin-in	44
enikookan	44
irugbin	44
ominira	44
olugbe	44
fowo	43
titobi	43
lokan	43
korin	43
agbada	43
nile	43
kore	43
din	43
ajakale-arun	43
ibawi	43
gboran	43
joasi	43
huwa	43
jewo	43
egboro	42
loke	42
bole	42
ikore	42
aramu	42
alagba	42
mereerin	42
olote	42
olutoju	42
tedo	42
larada	42
iyonu	42
aro	42
jogun	42
ana	42
bebe	41
ijiya	41
iri	41
oyin	41
atijo	41
niya	41
suuru	41
jehoiada	41
rii	41
dupe	41
ikuuku	41
ikeyin	41
apapo	41
ologun	41
seba	41
aburo	41
hamani	41
oore	41
jin	41
reti	40
samusoni	40
apo	40
aisaya	40
itara	40
fara	40
kuku	40
orisun	40
meloo	40
filipi	40
royin	39
asiwere	39
foju	39
aja	39
irinajo	39
tikarare	39
jasi	39
ahasaya	39
ibura	39
tosi	39
akoni	39
iko	39
isakari	38
gibioni	38
ibatan	38
jinjin	38
ahasi	38
lebanoni	38
olodun	38
wadii	38
atipo	38
aa	38
kokoro	38
sodomu	38
pupa	38
sebuluni	37
isu	37
ire	37
lebaa	37
ogbe	37
kiko	37
igbimo	37
laini	37
rama	37
iju	37
korira	36
gbiyanju	36
pohunrere	36
isaaju	36
ade	36
ikun	36
hebironi	36
isun	36
gbesan	36
koda	36
aisan	36
igbekele	36
itoju	36
asiri	36
apakan	35
ewo	35
ogorun-un	35
arugbo	35
ajinde	35
koni	35
olugbala	35
isa	35
elesin	35
esan	35
okankan	35
tumo	35
fifun	35
ee	34
ayanfe	34
ijinle	34
hiti	34
niti	34
ayika	34
eleya	34
gbile	34
amaleki	34
merari	34
onidaajo	34
sibi	34
gan-an	34
ila-oorun	34
ronu	34
balaki	34
olodumare	34
mika	34
kerin	34
kohati	34
rebeka	34
misipa	34
titun	33
aseri	33
kika	33
ai	33
sokun	33
heberu	33
ipinnu	33
gbongbo	33
betilehemu	33
satani	33
rakunmi	33
sidoni	33
pako	33
kora	33
ihin	33
eemi	33
alaro	33
kose	33
isinsin	33
ayafi	33
kikoro	33
sina	33
sibesibe	33
idaamu	33
kusi	33
irunu	33
lebi	32
gati	32
bowo	32
sogo	32
bimo	32
jinde	32
agabagebe	32
enikeji	32
eli	32
sadoku	32
ifekufee	32
loti	32
basani	32
agbon	31
aluko	31
uraya	31
lia	31
ewa	31
kelebu	31
mejo	31
abija	31
pelupelu	31
jee	31
palase	31
fihan	31
apoti-eri	31
owu	31
bale	31
iyo	31
iransebinrin	31
jese	31
natani	31
nafitali	31
laipe	31
ajoji	30
ejika	30
wara	30
legbee	30
igberiko	30
lopolopo	30
alabojuto	30
meedogbon	30
lojiji	30
ibo	30
akosile	30
aini	30
isan	30
fifi	30
kewaa	30
alaisooto	30
dite	29
didan	29
ropo	29
ikuukuu	29
ho	29
abiatari	29
sinai	29
gbera	29
akorin	29
ipari	29
eeru	29
asariya	29
ibeere	29
iwefa	29
ogagun	29
riru	29
kuna	29
fetisile	29
ainipekun	29
iyasoto	29
dekun	29
tuka	29
ategun	29
hesiboni	29
giligali	29
ibamu	29
ogorun	28
adaba	28
apeere	28
eyikeyii	28
seiri	28
giriki	28
siso	28
sonu	28
nnkankan	28
esira	28
peluu	28
judia	28
ferese	28
erekusu	28
simi	28
atewo	28
boju	28
awosanmo	28
omu	28
iwukara	28
foribale	28
itewogba	28
amin	28
inunibini	28
lejo	28
daadaa	27
aare	27
asala	27
benaya	27
bata	27
hamati	27
judasi	27
kiyesara	27
seleri	27
ailera	27
tamari	27
efa	27
wuwo	27
itanna	27
nihin	27
igboran	27
jebusi	27
sona	27
kejo	27
jehoiakimu	27
kinni	27
dawo	27
ojurere	27
loru	27
gbaawe	27
kefa	27
toku	27
enikankan	27
woo	27
asewo	27
adagun	27
onisowo	26
simehi	26
ipaka	26
soju	26
iwenumo	26
do	26
obi	26
itebomi	26
tani	26
aisooto	26
igbeyawo	26
kikan	26
daamu	26
ose	26
omo-eniyan	26
egbo	26
banaba	26
jefita	26
isegun	26
edidi	26
safani	25
lorii	25
itunu	25
pete	25
timotiu	25
iduro	25
lese	25
ijibiti	25
osupa	25
irinwo	25
igbeyin	25
kasia	25
opopona	25
jebi	25
keekeekee	25
ibikibi	25
tooto	25
iwadii	25
aseyori	25
dida	25
fesi	25
heburoni	24
pale	24
ipaya	24
bamitiisi	24
koto	24
nisinsinyi	24
meteeta	24
leru	24
debi	24
baruki	24
olowo	24
opon	24
amunoni	24
ibori	24
iwo-oorun	24
lee	24
alakoso	24
jojo	24
lojukan	24
igo	24
elesee	24
eedegbeta	24
lare	24
adonija	24
iloro	24
eliaseri	24
leba	23
jehoramu	23
mu-un	23
ilara	23
kiakia	23
okiki	23
hiramu	23
tiyin	23
amu	23
ronupiwada	23
abisai	23
nuni	23
serisesi	23
osise	23
isinsinyii	23
imu	23
olokun	23
elomiiran	23
okiti	23
aisedede	23
aawe	23
nawo	23
awokoto	23
iyooku	23
kikun	23
mikaya	22
sokan	22
eyikeyi	22
buredi	22
oodunrun	22
tobee	22
beni-hadadi	22
lode	22
simiri	22
alailera	22
jumo	22
ote	22
efodi	22
esi	22
ibaje	22
monamona	22
sipo	22
baasa	22
makiri	22
amoye	22
laye	22
egbeta	22
pasia	22
aago	22
kesari	22
olukoni	22
abawole	22
igunwa	22
itebo	22
tuutuu	22
setan	22
efuufu	22
koobu	22
amasaya	21
mita	21
losoo	21
oto	21
tokantokan	21
owoo	21
gbadun	21
ipase	21
lapapo	21
nilo	21
gbona	21
aaro	21
afi	21
asafu	21
pasan	21
tikara	21
johanani	21
gibia	21
ilopo	21
irisi	21
omije	21
eefin	21
idasile	21
tete	21
ikilo	21
awotele	21
bode	21
adamu	21
akisi	21
irele	21
alabukun	21
makedonia	21
eekun	20
leta	20
elamu	20
eyo	20
onidajo	20
kameli	20
gboju	20
atunse	20
silo	20
osunwon	20
alagbase	20
apejo	20
alaise	20
gasoni	20
dana	20
yipo	20
eketa	20
looto	20
abi	20
nasareti	20
ibujokoo	20
kerinla	20
nebati	20
adehun	20
idapo	20
kesan-an	20
ojoojumo	20
asise	20
eruku	20
abetele	20
jehoasi	20
aladugbo	20
kaini	20
nabali	20
ajodun	19
oluso-aguntan	19
ela	19
igboro	19
meedogun	19
patako	19
nigbakugba	19
sela	19
iyara	19
aginju	19
ikawo	19
laalaa	19
otutu	19
lakisi	19
aniyan	19
ofe	19
pariwo	19
epo	19
hilikiya	19
ipilese	19
ogbin	19
jehoahasi	19
nisale	19
kunle	19
tubo	19
bani	19
isoro	19
ibikan	19
tito	19
nikeyin	19
wiwa	19
nina	19
darapo	19
funrare	19
deede	19
sisera	19
yinyin	19
mokanla	19
orungbe	19
keila	19
apere	19
iyanju	19
jotamu	19
sera	19
gbeyawo	18
ije	18
jesereli	18
lola	18
alaisan	18
gasa	18
gehasi	18
mejeeje	18
arewa	18
odomobinrin	18
amasia	18
robi	18
dapo	18
sila	18
merinla	18
logan	18
erubinrin	18
kisi	18
tiwa	18
gbimo	18
aisododo	18
aisedeedee	18
arekereke	18
ahitofeli	18
onitebomi	18
agberaga	18
iboju	18
nibikibi	18
niyanju	18
oo	18
hanani	18
opopo	18
saarin	18
akiyesi	18
dariusi	18
lojoojumo	18
eledaa	18
josia	18
kiyesii	18
yapa	18
obuko	18
jesua	18
woye	18
agbe	18
orule	18
semu	18
iti	18
irandiran	18
eweko	17
giri	17
kadesi	17
gbese	17
alaigbagbo	17
jinle	17
jabesi	17
darandaran	17
awari	17
moye	17
niha	17
aadoje	17
poju	17
gbaa	17
gibea	17
deru	17
didara	17
gbeke	17
koro	17
dariji	17
ifihan	17
beti	17
omo-omo	17
finehasi	17
naili	17
daru	17
irapada	17
iyinrere	17
eeri	17
ahimeleki	17
imuse	17
araye	17
lewa	17
josaya	17
orisiirisii	17
namani	17
joeli	17
elede	17
adari	17
naboti	17
geregere	17
mikali	17
sese	16
ninefe	16
farada	16
eliabu	16
yera	16
riri	16
iru-omo	16
jesebeli	16
alabaapin	16
hori	16
jale	16
jesireli	16
tiwon	16
idana	16
tako	16
akisa	16
egberin	16
jeri	16
ekironi	16
abigaili	16
mesulamu	16
nahori	16
semaia	16
ipekun	16
omonikeji	16
ahija	16
dede	16
olooorun	16
didi	16
dahoro	16
iyato	16
amosi	16
merindinlogun	16
isubu	16
wiwo	16
alikama	16
nadabu	16
haa	16
usaya	16
iriju	16
ajalu	16
kekeke	16
iyen	16
sala	16
ileru	16
atelese	16
jere	16
idanwo	15
sarai	15
mana	15
iwe-mimo	15
edeni	15
niwajuu	15
okere	15
gangan	15
fonka	15
igbero	15
gomora	15
ikosile	15
daabo	15
serubabeli	15
bibi	15
etile	15
funrugbin	15
aritasesesi	15
loro	15
kerora	15
gbongan	15
ogbun	15
taara	15
joramu	15
hun	15
eekan	15
adun	15
idibaje	15
ekinni	15
iwosan	15
mejilelogun	15
elegan	15
ogota	15
onikaluku	15
maaka	15
gbala	15
iwa-bi-olorun	15
anfaani	15
anatoti	15
omiri	15
alaiwu	15
aninilara	15
jowu	15
omodekunrin	15
elikana	15
ironupiwada	15
daruko	15
elifasi	15
fiya	15
sanra	15
alaye	15
amasa	15
keyin	15
siju	15
onirele	15
manoa	15
egba	15
iseti	15
itamari	15
hifi	15
lesekese	15
oaku	15
fin	15
adete	15
afikun	15
gunle	15
gberaga	15
akete	15
rorun	15
hasaeli	15
alawo	15
ipaniyan	15
dojubole	15
horebu	15
fohun	15
eran-osin	14
atalaya	14
adajo	14
mejidinlogun	14
darijin	14
kiku	14
ifibu	14
bojuto	14
ajoyo	14
nitosi	14
tona	14
hana	14
efesu	14
farasin	14
hihun	14
eberi	14
nigbakigba	14
iwariri	14
yori	14
obe	14
igbaya	14
nii	14
antioku	14
onisona	14
egbeedogun	14
idunnu	14
raba	14
asayan	14
olubukun	14
enu-ona	14
omuti	14
rewesi	14
elewon	14
wulo	14
lekun	14
itasori	14
yufurate	14
atetekose	14
yiya	14
ramuramu	14
kaaanu	14
kete	14
nko	14
ikoro	14
tasisi	14
bela	14
aba	14
husai	14
salumu	14
alailagbara	14
mefiboseti	14
apanirun	14
ikose	14
nafitani	14
irin-ajo	14
olooto	14
sairusi	14
walaa	14
karun-un	14
ojulowo	13
beti-semesi	13
jakejado	13
erin	13
kuru	13
yeye	13
oludari	13
bibo	13
ogorin	13
odo-aguntan	13
sin-in	13
ipaaro	13
kegbe	13
tera	13
ananiya	13
kesaria	13
batiseba	13
ijokoo	13
lailewu	13
igbanu	13
ahimasi	13
tayo	13
nigbakuugba	13
husi	13
oluranlowo	13
afose	13
isunjade	13
olo	13
biribiri	13
iwaasu	13
agbaye	13
iranse-binrin	13
alaaanu	13
sadusi	13
anoni	13
alagbede	13
rojo	13
siba	13
agbowo	13
lasaru	13
elisama	13
beria	13
hananaya	13
silifa	13
abeli	13
sisan	13
asia	13
onigbagbo	13
onde	13
seke	13
amona	13
simeoni	13
idaniloju	13
paaro	13
oganjo	13
gberu	13
ololufe	13
atinuwa	13
ojusaaju	13
idekun	13
huri	13
peka	13
yen	13
itura	13
goseni	13
aigboran	13
olutunu	13
ele	13
hadadi	13
kedun	13
jehieli	13
keedogun	13
oju-omi	13
ojuse	13
jijin	13
nihinin	13
obadia	13
isote	13
sakaraya	13
orisii	13
kejila	13
hadadeseri	13
baraki	13
ogu	13
asidodu	13
ikoja	13
igbaani	13
laya	13
sepe	13
efiraimu	13
peresi	13
metala	13
ojubo	13
awujo	12
sikilagi	12
asaaju	12
libina	12
araaro	12
aroeri	12
aiwu	12
ojise	12
susa	12
kini	12
amokoko	12
anderu	12
ikola	12
apaniyan	12
sowo	12
kokanla	12
jonadabu	12
wonyii	12
efaimu	12
jiyan	12
timina	12
kalidea	12
kiye	12
tafatafa	12
hesironi	12
nipo	12
tenumo	12
leekeji	12
ile-iso	12
miriamu	12
kaka	12
asaheli	12
lole	12
rerin-in	12
seto	12
titu	12
ibaa	12
tejumo	12
idameta	12
aroye	12
jafeti	12
maka	12
nipon	12
sode	12
arani	12
abawon	12
gbigba	12
fila	12
otosi	12
agidi	12
heberi	12
erukunrin	12
guusu	12
siko	12
karea	12
isansa	12
ifekufe	12
eliasibu	12
egbegberun	12
niye	12
salaye	12
tekoa	12
mata	12
orii	12
akojopo	12
wayi	12
araa	12
eerun	12
gbogbe	12
sai	12
aterigba	12
hemani	12
jehoiakini	12
jedalaya	12
isiboseti	12
itelorun	12
ororun	12
ateyinwa	12
sua	12
obedi-edomu	12
usa	12
paniyan	12
ooru	12
agiripa	11
sakoso	11
gbenagbena	11
mesaki	11
metalelogun	11
atelewo	11
lilu	11
abedinigo	11
irungbon	11
aminadabu	11
tirisa	11
ikangun	11
idagiri	11
elisabeti	11
alafo	11
idoti	11
yonda	11
dudu	11
omole	11
amiramu	11
oniwa	11
elihu	11
kepe	11
sole	11
betani	11
ohun-ini	11
jefune	11
alore	11
anaki	11
see	11
waye	11
abinadabu	11
mora	11
jejee	11
itajesile	11
eleso	11
roomu	11
yigbi	11
oowo	11
idariji	11
joko	11
lakoko	11
alaaafia	11
iyapa	11
sesin	11
oniwaasu	11
fesitusi	11
jetiro	11
aatan	11
odomode	11
sini	11
ameleki	11
iyi	11
egbin	11
duuru	11
finfin	11
tikalara	11
sinku	11
rahabu	11
ofuurufu	11
agbede-meji	11
eletan	11
legbe	11
sabe	11
tema	11
sebede	11
siha	11
goolu	11
eliakimu	11
isele	11
hesekiaya	11
seruia	11
irepo	11
ehudu	11
palapala	11
lora	11
aake	11
ipalara	11
alaimoye	11
sadiraki	11
esinsin	11
rekabu	11
egiloni	11
onidan	11
yagan	11
afemojumo	10
laise	10
hesekia	10
okeere	10
laimo	10
dandan	10
ogofa	10
judea	10
oloraa	10
eedegberin	10
ibinuje	10
iyangbe	10
pasuri	10
jairi	10
gbigbo	10
gbowo	10
netanaya	10
pohun	10
obedi	10
sitefanu	10
uri	10
imularada	10
geseri	10
atupa	10
aka	10
tipa	10
iborisa	10
labuku	10
josiaya	10
meloomeloo	10
ifunti	10
otinieli	10
kiriati	10
gburoo	10
odidi	10
agagi	10
ibomiran	10
ige	10
abule	10
gbohun	10
gboro	10
roro	10
hanuni	10
enoku	10
reubeni	10
foya	10
ooto	10
itanje	10
hosea	10
lere	10
ereke	10
teri	10
gogi	10
dina	10
saferi	10
oje	10
oloke	10
rabi	10
betueli	10
abiramu	10
ojukokoro	10
temani	10
ayolewo	10
opagun	10
ofifo	10
biliha	10
delila	10
soore	10
hagai	10
nebo	10
toro	10
edun	10
bola	10
dedani	10
ahikamu	10
logbe	10
fori	10
felikisi	10
tesalonika	10
hasori	10
tomasi	10
padanu	10
diwon	10
ipejo	10
jopa	10
igbese	10
gesuri	10
alagbere	10
sunemu	10
gaali	10
kikunna	10
olona	10
sanbalati	10
olu	10
agbonrin	10
saisan	10
debora	10
eyele	10
josin	10
neri	10
asera	10
ailewu	10
ikunra	10
ookan	10
ipese	10
sakiyesi	10
olokan	10
fiyesi	10
loruko	10
jija	10
aworawo	10
teju	10
eran-ara	10
iyasimimo	10
rogbodiyan	10
geba	10
semaya	10
mina	10
wiwon	10
soba	10
olanla	10
edo	10
mejilelogbon	10
deti	10
bojuwo	10
milika	10
mesan	10
kii	10
ilee	10
egbegbe	10
mahanaimu	9
soro-odi	9
peleti	9
senakerubu	9
alailoye	9
apoje	9
ipamo	9
aipe	9
beori	9
eseri	9
adulamu	9
siiri	9
epe	9
mejimeji	9
adaya	9
ibuba	9
ijanu	9
aisi	9
ipejopo	9
gaari	9
paa	9
nitoosi	9
hisopu	9
olufokansin	9
irewesi	9
arauna	9
tewogba	9
aito	9
ipinle	9
elieli	9
losan	9
lopin	9
sifi	9
apeje	9
malikija	9
yanrin	9
esia	9
kaa	9
ibase	9
gbeja	9
deruba	9
amihudi	9
paro	9
olori-ogun	9
omo-owo	9
ikowe	9
oda	9
arole	9
dori	9
onisegun	9
jeusi	9
lakooko	9
abokusoro	9
banuje	9
wobia	9
gbeyin	9
daa	9
ipele	9
oungbe	9
abidoni	9
ajeyo	9
fenu	9
alarabara	9
kojo	9
nasiri	9
egbeedogbon	9
atele	9
dogba	9
ogbologbo	9
aise	9
rimoni	9
sonso	9
wewu	9
marundinlogoji	9
horo	9
sobali	9
tetisile	9
ahitubi	9
amupara	9
apaadi	9
sukoti	9
heferi	9
ajeku	9
ihamo	9
koo	9
jedutuni	9
reyin	9
inira	9
ibimo	9
beliali	9
hagari	9
oti-waini	9
lilo	9
akuko	9
dajo	9
ariran	9
alaigboran	9
biaseba	9
sokunkun	9
adidun	9
ibewo	9
nehemaya	9
suri	9
ileke	9
eebu	9
gbooro	9
ikolo	9
fasiti	9
awoosanmo	9
lameki	9
pele	9
datani	9
ikoriira	9
busi	9
isotele	9
gbungbun	9
ada	9
iseju	9
ayeye	9
idewo	9
siro	9
parani	9
sileeti	9
tooro	9
gerari	9
sebuloni	9
sekaria	9
abihu	9
sorii	9
ekunwo	9
oke-nla	9
ojuu	9
nahasi	8
musi	8
jafara	8
ikankan	8
seti	8
gbega	8
biriki	8
tinutinu	8
ramoti	8
bamitiisimu	8
tobaya	8
akani	8
kidironi	8
belisasari	8
oniduuro	8
ebute	8
alabukun-fun	8
idabuu	8
tikarayin	8
taa	8
toosi	8
meseki	8
etani	8
firi	8
ise-iranse	8
eewo	8
ipado	8
seesi	8
paramole	8
oluponju	8
oroorun	8
betisaida	8
hapu	8
baa-seba	8
tabuku	8
remalia	8
lodun	8
ketala	8
alaso	8
seun	8
agutan	8
onroro	8
puro	8
arabu	8
akojo	8
bali	8
ologo	8
kindinrin	8
gomina	8
iwoyi	8
aditi	8
oholibama	8
du	8
aijaloni	8
abieseri	8
aburu	8
opolo	8
asuri	8
iyewu	8
doti	8
keni	8
tiju	8
ayewo	8
ribila	8
kurukuru	8
menahemu	8
agboti	8
tule	8
mararun	8
sanmo	8
jise	8
paya	8
nisin	8
oojo	8
keke-ogun	8
magidaleni	8
sabadi	8
oludamoran	8
korinti	8
padani-aramu	8
losan-an	8
kapanamu	8
apeja	8
eedu	8
kejidinlogun	8
ikooko	8
ogba-ajara	8
elifeleti	8
debiri	8
bikita	8
harani	8
asoju	8
ipayinkeke	8
koneliu	8
isise	8
eekeji	8
bomirin	8
kin-ni-ni	8
karun	8
ito	8
abikeyin	8
sikiri	8
mikaeli	8
akubu	8
fetisi	8
oogun	8
joa	8
imura	8
aga	8
irudi	8
ebali	8
egbaaji	8
ariya	8
kola	8
mejidinlogbon	8
alailaaanu	8
isari	8
onija	8
jeteri	8
ireje	8
lokeere	8
beari	8
laja	8
ilodi	8
loko	8
atanpako	8
bilidadi	8
isinku	8
olosa	8
jerohamu	8
kakiri	8
josabadi	8
amofin	8
agbebi	8
itise	8
gbon-on	8
sako	8
siwa	8
kiniun	8
alailabuku	8
odoodun	8
osusu	8
egbeegberun	8
dopin	8
gerisoni	8
resini	8
besaleli	8
gburo	7
olurapada	7
gidi	7
kedesi	7
olotiito	7
metalelogbon	7
ofira	7
sebi	7
yiyan	7
isina	7
seleya	7
nlanla	7
wale	7
ailowo	7
onigboya	7
kedere	7
oya	7
idakeje	7
pere	7
niyawo	7
belitesasari	7
tabori	7
alafose	7
asiwaju	7
okele	7
ikoore	7
mamure	7
apakeji	7
emi-esu	7
ilera	7
paala	7
alailabawon	7
aboyun	7
tobiya	7
pipo	7
oluse	7
beti-horoni	7
sakuri	7
ihale	7
lugo	7
simei	7
dinku	7
saima	7
refaimu	7
agbelebu	7
yangan	7
elebi	7
ipohunrere	7
loni-in	7
lesese	7
ofiri	7
enosi	7
isa-oku	7
ifun	7
sibeoni	7
isodahoro	7
jado	7
isasi	7
iwonba	7
gera	7
agan	7
bati	7
sema	7
jehoaikimu	7
lainidii	7
laijiya	7
gaadi	7
seni	7
tabanaku	7
etamu	7
tofeti	7
iwora	7
alarinkiri	7
imi	7
ekefa	7
oloorun	7
ojumo	7
kereti	7
babanla	7
jaseri	7
daku	7
alarekereke	7
alimondi	7
safati	7
wijo	7
aigbagbo	7
aradi	7
mataniya	7
olodumaare	7
iresile	7
ikoni	7
leseese	7
ahinoamu	7
ira	7
libini	7
obadaya	7
jake	7
mokandinlogbon	7
perepere	7
keferi	7
hale	7
bami	7
alabapin	7
pomegiranate	7
sama	7
maoni	7
apolo	7
puti	7
ramoti-giliadi	7
afarawe	7
idahoro	7
patewo	7
arabia	7
ibora	7
jero	7
leke	7
pami	7
melikisedeki	7
jinnijinni	7
lili	7
olugbesan	7
oludande	7
onani	7
igbagbe	7
gomeri	7
siwo	7
beelisebubu	7
sowon	7
efuroni	7
naani	7
idamerin	7
nai	7
biba	7
ibuje	7
isogo	7
lasiko	7
sekaraya	7
asona	7
usia	7
saroni	7
lodoodun	7
nasoni	7
bikiri	7
ekini	7
jerimoti	7
owiwi	7
imoye	7
oolu	7
gori	7
baana	7
hini	7
ibadi	7
wode	7
ikookan	7
oloori	7
asobode	7
isakoso	7
lera	7
efodu	7
alagidi	7
kiriati-jearimu	7
layo	7
elimu	7
niwonyi	7
aborisa	7
akole	7
homeri	7
agari	7
ijade	7
media	7
dibo	7
rako	7
makeda	7
mali	7
agbowo-ode	7
lotani	7
salimuna	7
kenasi	7
farapa	6
alaiwa-bi-olorun	6
abajade	6
ibaka	6
ido	6
rudurudu	6
sisa	6
alo	6
faya	6
jaeli	6
omo-alade	6
saipurosi	6
delaya	6
deedee	6
aiya	6
aisinmi	6
afihan	6
ekunrere	6
igbati	6
jahati	6
kilikia	6
eri-okan	6
kori	6
ijakadi	6
etiopia	6
ekerin	6
kopa	6
oninu	6
apele	6
sebina	6
esau	6
simea	6
saamu	6
tipase	6
nini	6
aseli	6
darugbo	6
atuko	6
oluko-ofin	6
sanwo	6
alainilaari	6
palu	6
harimu	6
sileti	6
dibaje	6
tewo	6
funraare	6
ateni	6
jelieli	6
gee	6
oholiba	6
parosi	6
alagbatoju	6
nija	6
ohun-elo	6
matiu	6
ojeun	6
gigise	6
ebedi	6
aimokan	6
onihoro	6
tee	6
arankan	6
pinpin	6
asirieli	6
pekahia	6
soko	6
tubali	6
kikankikan	6
sipori	6
pipese	6
tikarami	6
diduro	6
amariya	6
lomo	6
onimo	6
bora	6
agara	6
waju	6
golayati	6
jeje	6
loye	6
baraba	6
hasabia	6
nahati	6
isikariotu	6
kebari	6
herodia	6
ebedimeleki	6
piwada	6
natanieli	6
igbesan	6
gamalieli	6
igbi	6
yusieli	6
leemeji	6
ironu	6
mewa	6
oko-okun	6
isokan	6
gbangan	6
igbadun	6
asibori	6
gbako	6
idake	6
jina	6
irukerudo	6
disoni	6
are	6
aikola	6
lojukoju	6
finnifinni	6
takute	6
akeekee	6
afeki	6
ojia	6
onibara	6
ibakasie	6
toto	6
ikekun	6
korajo	6
basilai	6
soni	6
sipe	6
efurati	6
ipamora	6
sawari	6
itai	6
idande	6
itakun	6
iteriba	6
sefatiya	6
awosanma	6
pamole	6
gegun	6
itosona	6
kanle	6
isiro	6
musitadi	6
dodo	6
sauli	6
mokanlelogun	6
tujuka	6
jokitani	6
orebu	6
olusona	6
kukute	6
kalebu	6
danwo	6
sokunfa	6
lapalapa	6
sami	6
opepe	6
ibale	6
paini	6
perese	6
silipa	6
akaya	6
orunkun	6
titori	6
bibu	6
idarudapo	6
beeroti	6
dagoni	6
alainigbagbo	6
jobabu	6
dale	6
serebaya	6
nigbekun	6
onikisi	6
opuro	6
alekisanderu	6
itusile	6
pisiga	6
galatia	6
kerinlelogun	6
agbajo	6
lairotele	6
tisibi	6
olotito	6
alailegan	6
ariki	6
otooto	6
basemati	6
afinasun	6
perisi	6
sigun	6
nbe	6
mesan-an	6
neko	6
amieli	6
odikeji	6
kansoso	6
nila	6
kana	6
ajakale	6
olokiki	6
pani	6
aisedeede	6
poora	6
nisinyii	6
kanju	6
seruya	6
mikimasi	6
maaku	6
iluu	6
jera	6
rele	6
moju	6
sisaki	6
onirun	6
girigiri	6
esitaoli	6
lapa	6
dagbere	6
seraia	6
sadoki	6
lowoo	6
marunun	6
ifa	6
tikarawa	6
abopa	6
kangun	6
itule	6
imina	6
lemi	6
pelegi	6
jabini	6
pelepele	6
potifa	6
ladani	6
lojojumo	6
selemaya	6
akikanju	6
yege	6
kirene	6
lofee	6
sanle	6
meremoti	6
horoni	6
aadojo	6
bekeri	6
ipalemo	6
rewa	6
hatusi	5
tite	5
mosa	5
afakisadi	5
amodun	5
alumagaji	5
yeri	5
maresa	5
metusela	5
abisagi	5
ohola	5
lehi	5
ederi	5
asirikamu	5
refidimu	5
eedegbaarin	5
ahira	5
fale	5
fifo	5
abata	5
jorami	5
aje	5
ikini	5
orisirisi	5
mumi	5
abihaili	5
ologose	5
karimi	5
jabo	5
doegi	5
ege	5
elati	5
jaya	5
jairu	5
iredanu	5
subaeli	5
ikonioni	5
senakeribu	5
farakan	5
ifinijoye	5
nobu	5
sofari	5
masa	5
enu-bode	5
ehanna	5
isi	5
ahio	5
alatako	5
nikoko	5
ikorita	5
polongo	5
meriba	5
oyun	5
kaanu	5
hananiya	5
akoro	5
alaaare	5
disani	5
elisuri	5
dibon	5
siji	5
heloni	5
pepele	5
airi	5
tore	5
boasi	5
ike	5
sekariya	5
tanna	5
ibuso	5
yinrin	5
sisi	5
asareli	5
bururu	5
popo	5
alapa	5
tapa	5
kan-an	5
leri	5
aidibaje	5
orinani	5
popona	5
baibai	5
enani	5
ikede	5
asekara	5
meteta	5
itansan	5
rinrin	5
ekuru	5
imisi	5
amotekun	5
ihinrere	5
kankun	5
iwu	5
pare	5
ibisi	5
ahiludi	5
tola	5
nikodemu	5
oga-ogo	5
hamori	5
aiyede	5
emi-mimo	5
soari	5
sida	5
kike	5
iwin	5
foo	5
suari	5
onila	5
moleki	5
megido	5
yiyo	5
kumo	5
binrin	5
olurerun	5
lododo	5
toogbe	5
kole	5
feremu	5
ifonnu	5
ojabo	5
makipela	5
selumieli	5
rueli	5
sipora	5
dojuti	5
silekun	5
idamu	5
tikiku	5
hodaya	5
kabiyesi	5
idojuko	5
taje	5
jahasieli	5
aferi	5
kukuru	5
misaeli	5
rantii	5
kolobo	5
hananiaya	5
mimi	5
abidani	5
igo-awo	5
eliasafi	5
onigberaga	5
beti-afeni	5
naioti	5
asaale	5
oloko	5
lebe	5
usieli	5
ajagun	5
iwenu	5
eniti	5
ogongo	5
gbina	5
lotiito	5
akotan	5
pagieli	5
aimoye	5
gbigbega	5
arioku	5
netanieli	5
irorun	5
haseroti	5
kalidia	5
inilara	5
doje	5
itoni	5
anito	5
laiberu	5
mahalaleli	5
egbaarun	5
yikakiri	5
pomegiranati	5
penueli	5
gigan	5
mahili	5
alailese	5
ifenukonu	5
abibu	5
paarun	5
igbesoke	5
eni-mimo	5
beeri	5
igbaaya	5
ogorunun	5
isipaya	5
iranse-kunrin	5
ipa-ona	5
dii	5
imeri	5
kikuna	5
iyangbo	5
elinatani	5
jamo	5
onikoko	5
onile	5
ojuran	5
owo-eran	5
sefanaya	5
ketadinlogbon	5
kolokolo	5
olukore	5
metadinlogun	5
iransee	5
bomi	5
loni	5
iriri	5
beriseba	5
urimu	5
lojukan-naa	5
aseka	5
kunrin	5
deueli	5
apejopo	5
akonisise	5
dira	5
eloni	5
towo	5
paanu	5
arufin	5
ajabo	5
ikan	5
guni	5
ibalopo	5
asani	5
ajerii	5
yaro	5
lidia	5
sitimu	5
husieli	5
idena	5
alaisododo	5
omoniyan	5
ariba	5
ibile	5
ketalelogun	5
woke	5
nigbeyin	5
onisuuru	5
saye	5
gele	5
nebusaradani	5
peori	5
fesun	5
jeki	5
apejuwe	5
isejoba	5
abarimu	5
alakoko	5
origun	5
lokuta	5
gedori	5
kayafa	5
kesan	5
ehu	5
ikele	5
berekia	5
peyinda	5
ilo	5
rehabia	5
sooto	5
nkan	5
aparo	5
asieri	5
afayafa	5
idaro	5
sapamo	5
timotimo	5
semesi	5
woran	5
ajigbese	5
tahati	5
ajo-irekoja	5
dena	5
pinya	5
ijaya	5
jabesi-giliadi	5
okirani	5
iyun	5
idin	5
gbekale	5
pipon	5
dasan	5
kunkun	5
ojojumo	5
omiiran	5
akibori	5
dasi	5
ojulumo	4
gbolohun	4
ikojopo	4
sere	4
etii	4
igbekale	4
alailebi	4
afonpe	4
odede	4
jamini	4
kami	4
aiku	4
ikorira	4
ramesesi	4
tiroasi	4
asaia	4
semiramoti	4
eleekeji	4
oju-ona	4
bosira	4
simioni	4
molada	4
kinkinni	4
sebulu	4
olonii	4
sisu	4
koi	4
felefele	4
tikarawon	4
muni	4
idite	4
madiraki	4
itanran	4
dunnu	4
titan	4
hosia	4
isiraeli	4
salu	4
jare	4
erofo	4
aayo	4
kohun	4
reu	4
niyin	4
piratoni	4
jehoada	4
elihanani	4
agbalagba	4
yiyi	4
asoye	4
rehumi	4
asaro	4
were	4
wiwu	4
salima	4
romu	4
tojo	4
roboto	4
kirusi	4
sojo	4
muti	4
tetiraki	4
aseku	4
bawonyi	4
tabo	4
mejilelogoji	4
aibale	4
lagara	4
wadi	4
saba	4
pamfilia	4
idameji	4
lilepa	4
muna	4
yeti	4
laodekia	4
ipakupa	4
pelatia	4
salubata	4
selomiti	4
alarina	4
ajako	4
joiakimu	4
hafila	4
ainiye	4
alagbawi	4
hosa	4
rekemu	4
eletu	4
efurata	4
gibetoni	4
oda-maluu	4
rehobu	4
ramu	4
arimatiya	4
timutimu	4
dawole	4
erun	4
daso	4
nide	4
ibasepe	4
ibuwon	4
oro-odi	4
sihin-in	4
alabuku	4
yonu	4
laibimo	4
hamora	4
abida	4
alagbe	4
ailomo	4
huramu	4
otunla	4
dunbu	4
seese	4
amukun-un	4
sekariaya	4
osumare	4
seraiaya	4
urieli	4
tititi	4
naamani	4
alabukunfun	4
raabi	4
semida	4
sedekiaya	4
fifa	4
tafanesi	4
sansan	4
jamutu	4
asebi	4
heti	4
fee	4
sipa	4
mara	4
abere	4
onise-ona	4
roo	4
simironi	4
ogunlogo	4
reueli	4
asuba	4
isaki	4
arieli	4
sogba	4
odomodekunrin	4
eleeketa	4
idawo	4
fufu	4
josedeki	4
ofeli	4
leemeta	4
loto	4
eferi	4
aramaiki	4
olusogba	4
hanoku	4
ibeji	4
nilaari	4
bahurimu	4
eebi	4
warankasi	4
loraa	4
jasoni	4
simisai	4
nekoda	4
tapua	4
egbaafa	4
tinu	4
kunna	4
negefi	4
tokunrin	4
parapo	4
ogan	4
idari	4
ahieseri	4
olofoofo	4
lawo	4
serahi	4
esee	4
han-an	4
pedaya	4
riro	4
ipadabo	4
daro	4
onamu	4
bii	4
sukotu	4
asari	4
etu	4
logun	4
beedi	4
dinari	4
sesani	4
ari	4
leekansoso	4
dijo	4
kedolaomeri	4
mejidinlogoji	4
suti	4
ola-nla	4
lokunrin	4
oko-oju	4
abirun	4
fiofio	4
lehin	4
maseya	4
suali	4
yo'mo	4
elisafani	4
ogunjo	4
majele	4
ire-ofin-koja	4
ihunso	4
odindi	4
idubule	4
safire	4
oloore	4
setari-bosenai	4
gegun-un	4
fifin	4
buba	4
joiada	4
onitubu	4
jerameli	4
fonfon	4
adojutini	4
naama	4
momo	4
buki	4
nitorii	4
igbogun	4
laari	4
isihari	4
pee	4
odaran	4
eya-ara	4
airekoja	4
netofati	4
taji	4
arami	4
beseri	4
tinabo	4
gbaradi	4
misiraimu	4
owoowo	4
kiriataimu	4
kitimu	4
hagiti	4
jokisani	4
lero	4
iyanrin	4
meweewa	4
jediaeli	4
borokinni	4
faramo	4
jerubu-baali	4
ipenpeju	4
gbamu	4
omeri	4
ketadinlogun	4
keedogbon	4
awodi	4
komi	4
jeseri	4
ifi	4
gesoni	4
mediani	4
gbani	4
maaseaya	4
diakoni	4
funni	4
olufisun	4
seraya	4
amuga	4
isinsinyi	4
adina	4
ogbologboo	4
siwajuu	4
risipa	4
yana	4
elenga	4
gbagada	4
pasipaaro	4
aromodomo	4
etiigbo	4
owo-ogun	4
josadaki	4
lokun	4
sanoa	4
kun-un	4
lusi	4
airotele	4
sealitieli	4
aporo	4
jahasi	4
asepe	4
jesuruni	4
adojuko	4
ketura	4
rafa	4
agbo-eran	4
lofo	4
laso	4
esioni-geberi	4
sosi	4
win	4
agbedo	4
mesa	4
igbakigba	4
raa	4
saaria	4
ijona	4
boo	4
sebadia	4
ojukoju	4
nni	4
lale	4
hasari	4
ihinyii	4
leyi	4
maluki	4
gbara	4
heleki	4
salumi	4
rire	4
idan	4
pongbe	4
joro	4
jin-in	4
iransekunrin	4
rakabu	4
jasiperi	4
idalare	4
farapamo	4
yowu	4
atimole	4
aadorun-un	4
agogo	4
abinoamu	4
amunisin	4
ilaja	4
yago	4
eeketa	4
kobi	4
perati	4
tara	4
eemeta	4
iberu-bojo	4
eku	4
samila	4
pedasuri	4
kosi	4
jada	4
titanna	4
sentimita	4
tantan	4
idalebi	4
egbeje	4
alemeti	4
agbanrere	4
ahohi	4
seboimu	4
yanju	4
giloni	4
giliboa	4
igbejo	4
jehudu	4
atari	4
ran-an	4
akata	4
isofo	4
lotito	4
jeejee	4
samai	4
nkankan	4
aramia	4
abisua	4
irobi	4
faresi	4
fatu	4
jatiri	4
agbari	4
lesi	4
imurasile	4
sebanaya	4
akuila	4
isinwin	4
akeku	4
kominu	4
hamoni	4
awijare	4
asafi	4
jafani	4
funraa	4
aadofa	4
rora	4
nikansoso	4
eleekerin	4
iye-apa	4
damoran	4
samona	4
itali	4
laibo	4
seebu	4
nahun	4
jopo	4
surisadai	4
lesekan-naa	4
igbesi	4
eleje	4
serugi	4
egberun-un	4
wiwe	4
ipara	4
nise	4
iwa-mimo	4
tata	4
kannakanna	4
iparo	4
piparun	4
yoowu	4
alaileso	4
afesona	4
sasa	4
ogulutu	4
ile-ini	4
abuda	4
soji	4
toun	4
aropo	4
jeriya	4
hakosi	4
afemoju	4
re—	4
ajonirun	4
nihinyii	4
kemosi	4
jehohanani	4
otaa	4
josiah	4
sedekia	4
egbee	4
apadi	4
ayipada	4
heleni	4
dobale	4
binui	4
lewu	4
mejilelaadota	4
merindinlaadota	4
eniyan-mimo	4
daya	4
neraya	4
eruru	4
harari	4
isinyii	4
beti-milo	4
owo-ori	3
lohun-un	3
okun-iwon	3
soani	3
afomo	3
tasosi	3
san-an	3
jehofa	3
ekeje	3
obakunrin	3
adima	3
okokan	3
erankeran	3
ulai	3
abidi	3
eegun	3
gbigbooro	3
dema	3
ifoju	3
idojuti	3
isora	3
dije	3
eree	3
saulu	3
meredi	3
mojuto	3
kisoni	3
egbetala	3
jehoseba	3
iyalenu	3
seferi	3
gbagede	3
igbari	3
jafileti	3
isinru	3
aawo	3
beni	3
gedera	3
misa	3
husamu	3
gaba	3
tipatipa	3
siye	3
ahafa	3
mahati	3
sekeseke	3
akisibi	3
ipadaseyin	3
asepo	3
apari	3
eni-ami-ororo	3
lokere	3
bukun-un	3
mejilelogota	3
ipepe	3
areopagu	3
mikiloti	3
isifi	3
eleketa	3
merabu	3
seredi	3
neria	3
akawe	3
refaia	3
memifisi	3
isimi	3
odu	3
ore-sisun	3
tosan	3
setutu	3
gileadi	3
salemu	3
filisitia	3
basa	3
heresi	3
iponjuu	3
adigunjale	3
itirani	3
lebun	3
teletele	3
ipadawa	3
isele-irile	3
ifisesin	3
husa	3
lebo	3
onirin	3
ninipon	3
sunmotosi	3
afunrugbin	3
pokiki	3
simeati	3
malikisua	3
tanu	3
gbaagbo	3
asikeloni	3
adugbo	3
lakaka	3
ayidayida	3
para	3
salimoni	3
daberati	3
lefoo	3
ikerora	3
moomo	3
yiju	3
kooro	3
ateri	3
miran	3
aponmi	3
krisiti	3
hasabaya	3
toru	3
idupe	3
eberu	3
maraarun	3
olurekoja	3
jeru-baali	3
olupa	3
gemaria	3
daanu	3
galioni	3
bisoobu	3
selofehadi	3
inu-didun	3
ile-aye	3
tuutuuu	3
esitemoa	3
meeedogbon	3
elipali	3
feerefe	3
imunibinu	3
arakurin	3
pakute	3
arabiya	3
debe	3
dode	3
ekan	3
tuto	3
telee	3
saare	3
ehoro	3
sisin	3
karawe	3
lalaafia	3
hinomu	3
eyokan	3
lowoowo	3
magogi	3
hamutali	3
eepo	3
kawo	3
sobabu	3
sohun-un	3
kadimieli	3
eesi	3
he	3
nlo	3
tanaki	3
furugbin	3
jaredi	3
lisira	3
usi	3
efun	3
haini	3
gebureli	3
lapakan	3
mamoni	3
arameani	3
mijamini	3
burubu	3
sutela	3
kirisiteni	3
ilaji	3
elisua	3
kokiki	3
esikolu	3
ainireti	3
mala	3
asatipo	3
ifarapa	3
laika	3
libia	3
horonaimu	3
ikeji	3
diedie	3
elioenai	3
merindinlogoji	3
nefegi	3
itaje	3
eedegbefa	3
rubi	3
fesemule	3
faa	3
j	3
saapon	3
onje	3
kinnihun	3
iwofa	3
sakaria	3
ifororo-yan	3
aripadi	3
alara	3
agbeka	3
isadi	3
juwo	3
hatafa	3
ejipiti	3
yona	3
owara	3
saniyan	3
jijakadi	3
rerin	3
ajayika	3
agenije	3
horima	3
iranwo	3
isesi	3
alaimokan	3
agbajopo	3
suhamu	3
alabasise	3
nipekun	3
adako	3
gbudo	3
olokunrun	3
saaarin	3
nirun	3
olusin	3
fole	3
leralera	3
serati	3
keriti	3
afara	3
matitiya	3
jafia	3
sime	3
powe	3
idawole	3
li	3
gesemu	3
toka	3
alasotele	3
inunibinu	3
gadara	3
maaluu	3
ajopin	3
ohun-mimu	3
gbemi	3
omode-kunrin	3
igbe-aye	3
beli	3
purimu	3
rugudu	3
itewon	3
kedemoti	3
helesi	3
jerahimeli	3
asinru	3
siri	3
iwuwo	3
sohun	3
fin-in	3
orooro	3
imuwodu	3
paga	3
golani	3
igara	3
ilepa	3
ibojuto	3
ayun	3
ere-orisa	3
betifage	3
aadotalenigba	3
odo-agutan	3
fon-on	3
tiberia	3
jagidijagan	3
gboo	3
adanu	3
lailomo	3
lemo	3
idabu	3
alaijebi	3
mira	3
ilukiluu	3
idamo	3
dele	3
atako	3
iyipada	3
oninu-fufu	3
elege	3
obabinrin	3
pua	3
saroye	3
sefo	3
kemueli	3
nlaa	3
arinrinajo	3
ikesi	3
nibiti	3
milo	3
seresi	3
itile	3
ijika	3
bia	3
alagbafo	3
eru-binrin	3
atileyin	3
seraiya	3
sabidi	3
abiyamo	3
emu	3
sidimu	3
eela	3
agbenuso	3
aseseyo	3
sibina	3
aisetan	3
okunfa	3
gideli	3
ifarahan	3
etufu	3
sotun-un	3
topasi	3
emii	3
oji	3
anfani	3
teere	3
mokun	3
ikaanu	3
matanaya	3
ludi	3
luuluu	3
aigbon	3
itieli	3
kadesi-baniya	3
akanse	3
asitaroti	3
elemii	3
sesan	3
galali	3
hilikaya	3
haapu	3
silemu	3
fooki	3
siloamu	3
ogboju	3
agbado	3
aniani	3
hogila	3
jooji	3
meraioti	3
ajenirun	3
ewebe	3
mokanlelogbon	3
sihori	3
itiri	3
peloni	3
benaiaya	3
egbegbaarun	3
tahani	3
gati-rimoni	3
asimafeti	3
eliada	3
hieli	3
olubadamoran	3
someri	3
joni	3
leekookan	3
bebai	3
tou	3
idakoro	3
kolofin	3
gbokanle	3
gunwa	3
husaya	3
kelekele	3
miletu	3
eyin-erin	3
netaneli	3
alugumu	3
nijo	3
ni-in	3
asira	3
osika	3
yiisiti	3
rira	3
tobinrin	3
kokoro-kantikanti	3
isare	3
uru	3
oba-binrin	3
kimhamu	3
misima	3
isepo	3
kinereti	3
kodo	3
jin-ni	3
asaraya	3
erongba	3
homa	3
faro	3
kenana	3
idaduro	3
paamo	3
lore	3
orikunkun	3
lekunrere	3
matani	3
firigia	3
mooru	3
alifeu	3
ipinu	3
selomoti	3
ijekuje	3
egbokanla	3
ayee	3
nihininyii	3
enikin-in-ni	3
farabale	3
sinari	3
fidi	3
jeremoti	3
enubode	3
egbeegbe	3
tarisisi	3
hosaya	3
penieli	3
atoko	3
jesaia	3
orukoo	3
wajawaja	3
fuye	3
dasa	3
serahia	3
nbo	3
kimbali	3
elidadi	3
habakuku	3
lokookan	3
penina	3
asehan	3
hataki	3
igbowo	3
orogun	3
ede-aiyede	3
talimoni	3
ajogun	3
bilihani	3
mejeejila	3
omari	3
efo	3
obirin	3
hegai	3
itaje-sile	3
tapenesi	3
jakini	3
tonitoni	3
baseba	3
ulamu	3
sekaniaya	3
eliri	3
luuku	3
tanunganran	3
orugbe	3
sodi	3
ibaaka	3
areori	3
beti-araba	3
darudapo	3
dami	3
won-on	3
kugba	3
lisia	3
arifakasadi	3
irokeke	3
hawo	3
rimimoni	3
lalejo	3
beti-suri	3
gun-un	3
metadinlogbon	3
darii	3
potifera	3
isududu	3
imukuro	3
adieli	3
ooyi	3
isokuso	3
titele	3
gbon-on-gbon-on	3
ideruba	3
gbawe	3
togarima	3
esusu	3
seranwo	3
afojudi	3
atai	3
nigbagbogbo	3
nira	3
wonni	3
gihoni	3
baalimu	3
sefe	3
didimu	3
kele	3
idamefa	3
ifimosokan	3
sarefati	3
yanu	3
karimeli	3
buruku	3
jiroro	3
ise-ami	3
egbesan	3
adoniramu	3
posi	3
mene	3
tirofimu	3
seda	3
sagbe	3
ikolu	3
kumini	3
onisimu	3
sedeuri	3
henadadi	3
kapanaumu	3
jehosabadi	3
itujade	3
alayiidayida	3
emeralidi	3
yadi	3
ogboogbon	3
netofa	3
diramasi	3
lagbedemeji	3
gatamu	3
oholiabu	3
gosani	3
eleri	3
itori	3
samiri	3
sefataya	3
safiri	3
ailegan	3
aheso	3
beeriseba	3
role	3
ifokansin	3
idilee	3
itemole	3
omobirin	3
hena	3
ijerii	3
amuyo	3
selemiaya	3
imele	3
samuya	3
kokandinlogoji	3
tikalarare	3
asori	3
ifokanbale	3
ongbe	3
fese	3
tibini	3
onikeke	3
betisani	3
gbarajo	3
tuu	3
mejemeje	3
laije	3
ihuwasi	3
sipiresi	3
dabe	3
gbija	3
tina	3
ebeneseri	3
ibaniwi	3
titayo	3
abitali	2
malikia	2
ore-aanu	2
enikejii	2
ekejo	2
melookan	2
sagbere	2
elete	2
jearimu	2
hosana	2
ree	2
dee	2
jaasania	2
payin	2
lamoran	2
owaara	2
eseese	2
ibakedun	2
oniho	2
ibise	2
mesilemoti	2
okikii	2
jeremia	2
iropa	2
kinun	2
nahalali	2
olohun	2
anati	2
lose	2
ribiti	2
hela	2
kalikoli	2
abeli-beti-maaka	2
ore-ebo	2
gitaimu	2
lanku	2
jalamu	2
kigba	2
fifon	2
kogbon	2
nebaioti	2
nso	2
agbatoju	2
metadinlogoji	2
atunmo	2
tobu	2
luhiti	2
aniseku	2
pulu	2
pawopo	2
eleekaarun	2
lojuu	2
tipetipe	2
pomeganate	2
hemidani	2
egbaata	2
saigbe	2
adoni-sedeki	2
jeese	2
ifefe	2
modi	2
laifi	2
pafo	2
itegun	2
inudidun	2
t'oun	2
abieli	2
ayasi	2
nisani	2
itanu	2
husimu	2
afiyesi	2
makieli	2
imumi	2
aligumu	2
lobinrin	2
arinrin-ajo	2
ikapa	2
irepe	2
awo-ara	2
apaimu	2
gidigdidi	2
solo	2
jokebedi	2
sareseri	2
oloju	2
onse	2
aarun	2
teresi	2
tun-un	2
ginati	2
alaileeri	2
rerinin	2
aikiyesi	2
iporuuru	2
gerisomu	2
pontiu	2
afiwe	2
suru	2
kenaniya	2
fojusona	2
dawa	2
alabaapade	2
ooro	2
tanmole	2
idamarun	2
nua	2
balogun-orun	2
gbon-in	2
gegigegi	2
jearimi	2
mesesabeli	2
tosan-toru	2
ikanra	2
moserotu	2
yewo	2
tebesi	2
gafara	2
sutelahi	2
owo-ide	2
isopo	2
hesikaya	2
tikaarami	2
aisun	2
tatulu	2
itu	2
berilu	2
mataniaya	2
gigasi	2
dekapoli	2
orita	2
laisan	2
sabidieli	2
isanpada	2
isekuse	2
seju	2
tafa	2
ibuwo	2
joabadi	2
metadinlaadoje	2
elekerin	2
amaraya	2
geteri	2
alailewu	2
sajeji	2
loju-ona	2
egbefa	2
jufu	2
odobinrin	2
elijah	2
nisisinyii	2
pikoli	2
tikaraare	2
hatili	2
efufu	2
ojukan	2
ijeun	2
ininilara	2
sabiteka	2
muse	2
asina	2
sufuru	2
ilekile	2
sesibasari	2
peyin	2
ahunso	2
eleran	2
gireepu	2
hasoru	2
obu	2
asati	2
leran	2
onirobinuje	2
sapakan	2
gedaliah	2
sohari	2
okuu	2
baali-hanani	2
titoju	2
duma	2
alailogbon	2
asinwin	2
bigitana	2
ehudi	2
paliti	2
isoore	2
kilaudiu	2
baal-perasimu	2
ruwe	2
laiye	2
laiseku	2
agabu	2
gigali	2
nisee	2
kabiseli	2
eyinna	2
igbagbogbo	2
idiwon	2
maaseya	2
labawon	2
isenbaye	2
agbebo	2
olomo	2
abanije	2
egbaameedogbon	2
melomelo	2
keekeeke	2
iradi	2
genesareti	2
onigbese	2
ookan-aya	2
pedaiya	2
igbogunti	2
gbigbero	2
rogba	2
foriti	2
ominira-obinrin	2
kalamu	2
rerun	2
nimsi	2
igboo	2
hesuroni	2
sebo	2
esunsun	2
imanueli	2
onigbowo	2
bowa	2
ibisani	2
reaia	2
dabobo	2
fonisia	2
gilgali	2
owawa	2
ahi	2
tigirisi	2
seitieli	2
too	2
ono	2
lairi	2
safu	2
bene-jakani	2
eemeje	2
asodi-si-kirisiti	2
ojule	2
abirona	2
meselemia	2
epafiroditu	2
rahamu	2
awotan	2
okorin	2
olope	2
apogede	2
sibekai	2
tiroa	2
hamedata	2
sibia	2
dayana	2
magidalene	2
rukerudo	2
alekisandiria	2
bia-lahai-roi	2
nemueli	2
fayo	2
elida	2
itayo	2
aenea	2
libiya	2
barabba	2
sihin	2
ayanmo	2
gidgidi	2
asigadi	2
barakeli	2
diragoni	2
soore-ofe	2
ikunle	2
lojubo	2
saleka	2
egbaamokanla	2
lolo	2
okandinlogorunun	2
jabajaba	2
pipin	2
setani	2
funrungbin	2
punoni	2
nla-nla	2
ogoroorun	2
lefiatani	2
medadi	2
laraaro	2
iwa-ipa	2
hanameli	2
sotun	2
jemisi	2
tese	2
abawodo	2
eni-iduro-sinsin	2
johoiada	2
enii	2
gedalia	2
panirun	2
leemeje	2
onesiforu	2
itoosi	2
timo	2
ibiyii	2
kolose	2
itireamu	2
idajin	2
enaimu	2
arundinlogorin	2
bamitisi	2
abemi	2
aara	2
satu	2
kedironi	2
susani	2
laamu	2
alareekereke	2
ridii	2
etido	2
asoroodi	2
dinihaba	2
ekiri	2
amukunun	2
satileyin	2
diamondi	2
genubati	2
olorii	2
hatita	2
efulali	2
idajo-ododo	2
kokanlelogun	2
koti	2
alabaasise	2
hala	2
egbejila	2
kikosile	2
salamaneseri	2
olugbo	2
logbon	2
alawose	2
gbon-ongbon-on	2
ese-ina	2
idurosinsin	2
fipa	2
ododun	2
anoku	2
giiri	2
memukani	2
kapernamu	2
tadeu	2
reba	2
korikosun	2
irija	2
gaaru	2
mahalati	2
alaibikita	2
otalelegbeta	2
makibena	2
jasieli	2
eloi	2
nara	2
alariwo	2
alebu	2
ileele	2
sufi	2
nasarati	2
mokandinlogun	2
irahun	2
asenati	2
iwosi	2
jehosadaki	2
ijiyan	2
keru	2
rehumu	2
ile-oba	2
beniaya	2
logbogba	2
jora	2
korasini	2
lebana	2
kisioni	2
tikaraami	2
igali	2
jerusa	2
nibikan	2
anna	2
safiru	2
hasufa	2
esoni-geberi	2
kibiroti	2
adabowo	2
lairo	2
anoni-gogi	2
ahihudu	2
sinru	2
roju	2
ojilugba	2
igbona	2
ibakase	2
kanmo	2
medani	2
nidii	2
abisuri	2
ikejila	2
ogoorun	2
beredi	2
oboti	2
akekoo	2
eleekeje	2
yanna	2
oniki	2
oniye	2
kia	2
sia	2
maharai	2
riimu	2
figba	2
atiwo	2
eleasa	2
olugba	2
tawon	2
mehujaeli	2
atona	2
dindin	2
eliale	2
ranwu	2
ewuro	2
seledi	2
ailonka	2
asitoreti	2
jiyin	2
jesaiya	2
himeneu	2
geberi	2
makeloti	2
efili-merodaki	2
fooro	2
aadotalerugba	2
sufamu	2
dokasi	2
seru	2
ise-ona	2
diboni	2
lowe	2
asi	2
asote	2
henoki	2
sufee	2
egila	2
ariyanjiyan	2
atata	2
ranju	2
taanaki	2
alarun	2
eekerin	2
fonnu	2
tamborini	2
tipe	2
ileroro	2
lesekan	2
sima	2
niran	2
atarotu	2
emimu	2
ogboya	2
ritima	2
pentikositi	2
nba	2
egbetalelaadota	2
ajeti	2
lana	2
efureta	2
eufireti	2
diji	2
nefitoa	2
eetise	2
tiri	2
kusani	2
hofini	2
isota	2
asaju	2
ahere	2
awo-koto	2
baniya	2
pontu	2
sefatia	2
go	2
kabamo	2
simeli	2
aileyipada	2
ejikaa	2
pura	2
gberi	2
sisofo	2
ile-ejo	2
salimona	2
emeta	2
mera	2
awopoko	2
benjameni	2
huraya	2
asodisi-kirisiti	2
bamitisimu	2
dimora	2
lida	2
getisemani	2
isododo	2
fii	2
gbajumo	2
matitenai	2
isitobu	2
aisotito	2
sasaki	2
ifekuufe	2
ladugbo	2
risa	2
agbayanu	2
pinoni	2
usali	2
ayanilowo	2
seiteli	2
koorira	2
metameta	2
beseki	2
mokanlelogoji	2
laiduro	2
aikasi	2
igala	2
lanaa	2
pelebe	2
aibikita	2
meji-o-le-eedegbejo	2
nihooho	2
fagi	2
tabita	2
tifisa	2
amisadayi	2
salome	2
lala	2
karunun	2
eruu	2
jedaia	2
alekisandira	2
alare	2
jerobamu	2
metalenirinwo	2
janoa	2
itedo	2
ate	2
odiwon	2
olubasise	2
kerosi	2
poko	2
oree	2
alainimo	2
igbega	2
onakona	2
erani	2
ibunu	2
pelaya	2
aipo	2
iwonle	2
siwon	2
ikuku	2
mitili	2
gasamu	2
ile-ero	2
jadai	2
kefira	2
galiidi	2
kanra	2
eleekefa	2
jose	2
ite-idajo	2
idiwo	2
iye-abarimu	2
jehorami	2
ogotoota	2
sse	2
baali-perasimu	2
kara	2
ahiramu	2
ifowopamo	2
jekonaya	2
bawi	2
iwoso	2
lojuran	2
idakeroro	2
medisi	2
jesimoni	2
hulida	2
aikuna	2
olopaa	2
iganna	2
ahiamu	2
kikida	2
loba	2
fefe	2
jegieli	2
malikieli	2
pomigiranati	2
hele	2
teramo	2
imuna	2
amisi	2
noga	2
eleyi	2
aroiroda	2
epafura	2
owo-ode	2
alapandede	2
jai	2
fawa	2
efi	2
hifiti	2
igbakuugba	2
feree	2
isifa	2
jariha	2
iji-lile	2
sositeni	2
jekameamu	2
iwe-eri	2
aiwa-bi-olorun	2
sajoyo	2
mewaa-mewaa	2
abideli	2
amojuto	2
samsoni	2
akisafu	2
patirosi	2
maikeli	2
adorami	2
isefefe	2
sehin	2
garebu	2
soda	2
ikabodu	2
alairise	2
isodomo	2
afa	2
gaiu	2
ofurufu	2
nita	2
ikunsinu	2
gelioti	2
amitai	2
osemu	2
agate	2
eseki	2
iwa-aye	2
gesomu	2
laiyese	2
awawi	2
jeturi	2
odomokurin	2
serafu	2
alalaa	2
isodimimo	2
beti-dagoni	2
esekese	2
wenu	2
idera	2
hanieli	2
bedadi	2
kelita	2
oloto	2
ieseri	2
saibimu	2
tabaoti	2
efraimu	2
ahimani	2
oluba	2
aadota-aadota	2
igun-ile	2
ilokulo	2
sookun	2
odokunrin	2
kerani	2
rare	2
sofaki	2
segubu	2
kuti	2
amasayi	2
biimu	2
mibisamu	2
isia	2
jotami	2
ewele	2
adini	2
ituko	2
igunle	2
wosan	2
olugbeja	2
segbee	2
erigi	2
hihu	2
abia	2
jalami	2
iriran	2
lomu	2
hefisiba	2
weewe	2
holoni	2
pose	2
ramati	2
lo-ruhama	2
girigasi	2
berekaya	2
eekanna	2
hufamu	2
jotibata	2
irunnu	2
eufurete	2
pahati-moabu	2
samgari	2
yoju	2
egbaawa	2
niwonbi	2
igbakugba	2
eedegbejo	2
baba-nla	2
ipago	2
aami	2
alainifee	2
ojokanri	2
pasea	2
enanu	2
iramu	2
erananje	2
sefamu	2
tabera	2
yiraa	2
pobiliu	2
olojukokoro	2
ketadinlogoji	2
bokeru	2
lodebari	2
owa	2
dimu	2
imila	2
esemu	2
muu	2
asaeli	2
imupada	2
elewu	2
towotowo	2
luu	2
nimisi	2
jekolia	2
peja	2
ebiasafi	2
yee	2
ageku	2
pato	2
isrieli	2
jaseli	2
saara	2
nebajotu	2
ibasepo	2
gerisimu	2
pana	2
etadinlogoje	2
akinyemi	2
sefarifaimu	2
bamtiisi	2
iyaa	2
weyin	2
obotu	2
ipinya	2
isekise	2
agobu	2
okanjua	2
idaabobo	2
tiraka	2
iwodo	2
eelo	2
adirameleki	2
peresini	2
salimu	2
aijiyan	2
alaigbede	2
metusaeli	2
eesu	2
paka	2
sinoo	2
kogun	2
ginetoni	2
imutipara	2
adalu	2
itesiwaju	2
alantakun	2
adoramu	2
galimu	2
paalase	2
laigba	2
semaraimu	2
hupimu	2
ogositu	2
beti-hogila	2
akala	2
esese	2
gbee	2
iyekiye	2
ohunrere	2
kusa	2
dagbe	2
baladani	2
wojo	2
eliteke	2
aadotalenirinwo	2
ape	2
meeedogun	2
gedalaya	2
leso	2
oyan	2
ipokipo	2
bohun	2
latini	2
agbawo	2
hinomi	2
onitara	2
searia	2
senu	2
saresa	2
loso	2
jasobeamu	2
balati	2
ifetisile	2
birikiti	2
imura-sile	2
adiye	2
ataroti	2
besori	2
olootito	2
parisi	2
leje	2
yiye	2
ogi	2
odedi	2
gederoti	2
laisanwo	2
aseju	2
semai	2
basaba	2
nifee	2
ifoya	2
oniyeye	2
sun-un	2
esitoni	2
gbingbin	2
atijotijo	2
jinnajinna	2
nihin-in-yii	2
kenisi	2
esiboni	2
tari	2
fokan	2
harada	2
silihi	2
ajeju	2
joha	2
jeredi	2
gbamoran	2
batimeu	2
sisale	2
oloogun	2
asieli	2
gbena	2
iwulo	2
onigun	2
deyin	2
aponle	2
ijobaa	2
ajeterun	2
hasimona	2
iteju	2
nimirodu	2
mofo	2
mikimetati	2
nebukadinsari	2
yepere	2
ounje-didun	2
siyemeji	2
beti-anati	2
maha-salali-hasi-basi	2
berili	2
kirisipu	2
osun	2
merinlelaadorin	2
siyin	2
hasubu	2
engedi	2
inaki	2
diboni-gadi	2
baka	2
ifaya	2
ipoju	2
mejemu	2
fulenge	2
gobu	2
tasa	2
hiho	2
onibiinu	2
ibare	2
lejika	2
tale	2
merinlelogbon	2
hareseti	2
saaanu	2
alikamu	2
diye	2
buronsi	2
hodafia	2
beteni	2
hilikiaya	2
kehelata	2
nafituhimu	2
barisilai	2
faaji	2
padoni	2
ageegbe	2
nijanu	2
asikenasi	2
igan	2
asibeli	2
elekeji	2
nagali	2
abinibi	2
ijoni	2
ogooro	2
mona	2
eedegbesan	2
jijo	2
hukoki	2
arisitaku	2
onitohun	2
hasari-enani	2
rehoboti	2
johosafati	2
tekeli	2
sati	2
jemueli	2
ifesete	2
mojesin	2
adoni-beseki	2
jaboku	2
kenaiti	2
kanna	2
eedegbaarun	2
sesaki	2
kakaki	2
harodi	2
kalo	2
jerub-baali	2
alusi	2
alaarun	2
ainigbagbo	2
gooluu	2
lakootan	2
afurugbin	2
jeni	2
kari	2
tatenai	2
jerun	2
omoleyin	2
tifetife	2
mitika	2
ikaaanu	2
miliiki	2
dako	2
sabetai	2
semaria	2
idakejeje	2
bamu	2
balahi	2
bulu	2
elieseri	2
mefati	2
jekonia	2
asosi	2
masireka	2
kabirotu-hatafa	2
esironi	2
sire	2
hori-hagidigadi	2
logoji	2
tagbaratagbara	2
asimoni	2
wesi	2
mesulami	2
gunnugun	2
rabila	2
nitanieli	2
oniyemeji	2
amoran	2
egbaamejilelogbon	2
oodurun	2
sakeu	2
baala	2
oniyebiye	2
resoni	2
odunrun	2
bigifayi	2
misali	2
nearia	2
akori	2
wiwuwo	2
asasia	2
ododo-eye	2
idunu	2
iwontunwonsi	2
saaapa	2
marundinlogota	2
jotani	2
teba	2
nafutali	2
ori-oke	2
jakani	2
adamodi	2
beti-peori	2
sitefana	2
elisibu	2
tigilati-pileseri	2
anbotori	2
baruku	2
dofo	2
apo-ofa	2
biberu	2
ohadi	2
tawa	2
joye	2
dodai	2
o—	2
hutayi	2
telemu	2
jorun	2
kenaana	2
ikinni	2
isoro-odi-si	2
oroowuro	2
idakejee	2
ifunpa	2
tankale	2
jarimuti	2
okanjuwa	2
rababa	2
dofaka	2
balimu	2
sigbonle	2
olorin	2
meremere	2
egbaaarun	2
fina	2
sakari	2
leto	2
faru	2
sekania	2
beti-ekedi	2
beeni	2
abayo	2
kaiafa	2
wayii	2
agun-keke	2
omokurin	2
selofihadi	2
keniti	2
jehonadabu	2
ogosan-an	2
inawo	2
rosi	2
giti	2
awo-sanmo	2
omodo	2
ani-ani	2
finni	2
hahirotu	2
baali-peori	2
garawa	2
irinkerindo	2
benike	2
ibooji	2
looti	2
oti-lile	2
pejopo	2
gogu	2
buni	2
ferefe	2
igbehin	2
wolii-obinrin	2
gasesi	2
iwajuu	2
alailomo	2
bakibukiya	2
alatileyin	2
elikanahi	2
aigbodo	2
erujeje	2
idese	2
deba	2
meronoti	2
ebiti	2
idasimeta	2
jedaya	2
nisaaju	2
misia	2
tuuba	2
araadota	2
amubina	2
gaara	2
demetiriu	2
yanturu	2
iponni	2
jaye	2
onigi	2
akololo	2
sikamore	2
kejidinlogoji	2
alailegbe	2
ise-isin	2
isaya	2
atibaba	2
noba	2
ijewo	2
alupayida	2
makomu	2
jeran	2
adadi	2
s	2
oniyonu	2
sefi	2
abiye	2
ise-iyanu	2
ogunkogun	2
aisiyemeji	2
sefa	2
seri	2
jaribu	2
epon	2
meonotai	2
raga	2
olukole	2
nahalieli	2
isau	2
hadasa	2
olorikunkun	2
igoke	2
esuo	2
ibamitiisi	2
ontaja	2
awojiji	2
ayorisi	2
ore-ofe	2
selefi	2
sebadaya	2
hagaba	2
akaso	2
soo	2
ku—awon	2
nireti	2
ibon	2
helikati	2
serua	2
asiberi	2
daraya	2
joiaribu	2
afiti	2
merodaki-baladani	2
sekanaya	2
ifire	2
koluu	2
matana	2
yoro	2
isee	2
imu-sogo	1
obirinrin	1
alahon	1
oludanwo	1
agun-ketekete	1
kinnun	1
jeudi	1
pileseri	1
iho-apata	1
laifoya	1
wonyen	1
isukan	1
josibekasa	1
dan-an	1
forile	1
jandaku	1
atun-se	1
isolekun	1
ibura-kibuura	1
jatinieli	1
ramiaya	1
iyoonda	1
kasiliuhimu	1
jeremotu	1
meji-o-le	1
horemu	1
kanrinkan	1
agbeso-soke	1
netaya	1
ajagun-gbalu	1
janimu	1
rapada	1
iteledi	1
ojo-isinmi	1
alaisin	1
owo-baba	1
konge	1
sufu	1
amisabadi	1
atiiranse	1
egbaamerindinlogbon	1
bimihati	1
ileyile	1
ademu	1
kafitori	1
owo-oko	1
ibuduro	1
elasai	1
alafehinti	1
titejade	1
ahusamu	1
nisoju	1
sukati	1
gedaya	1
nimoran	1
omoleewe	1
maasea	1
finihasi	1
jagudu	1
lotosi	1
muwa	1
oke-o-le-egbejidinlogun-din	1
iwose	1
sadoka	1
pinle	1
haya	1
tanmooko	1
huni	1
bosikati	1
siseto	1
rankunmi	1
aadorin-le-meje	1
peeni	1
pataki—ohunkohun	1
nitoripe	1
kundun	1
hetilonu	1
apamowo	1
sunamu	1
lonii-in	1
ramati-misifa	1
jikifa	1
danilekun	1
ayole	1
rereere	1
alamo	1
iwakiwa	1
nahumu	1
jakoba	1
tiria	1
sinwin	1
basi	1
marikoboti	1
ilopomeji	1
eruku—	1
iwayaja	1
ohunkohunm	1
jaheseaya	1
doyi	1
sakitiyan	1
alagbato-baba	1
iwa-aje	1
harifi	1
tirogilioni	1
kirisoleti	1
tegun	1
lalehu	1
igbase	1
pilaedi	1
lijioni	1
jeremai	1
gbedeke	1
pansaga-obinrin	1
isai	1
oro-eyin	1
irinwo-o-le-ogbon	1
safoni	1
barili	1
ahinadabu	1
boolu	1
yemiwo	1
kekoo	1
orika	1
sebeania	1
mbe	1
amudotun	1
tima	1
aroko	1
moke	1
hasurimu	1
sifura	1
satitu	1
orisa-idile	1
iyawoo	1
ramotia	1
elia	1
opaa	1
lilumo	1
rimono	1
kesuloti	1
jijiyan	1
ifa-gun	1
wabiwosi	1
egbedogun	1
hasari-susa	1
ajegbadun	1
alaile	1
hamadata	1
esani	1
jekamia	1
jijise	1
igbowosoke	1
hetiloni	1
salafi	1
simooni	1
akogun	1
beliada	1
atiroti	1
alatunse	1
pekepeke	1
ho-yee	1
masaeli	1
sifimi	1
pile	1
rirun	1
sibole	1
hamoleketi	1
kile	1
hihuwa	1
loun	1
ebun-nipa	1
karitahi	1
temnpili	1
ewee	1
siloo	1
ituto	1
ogunna	1
nipamo	1
melatia	1
ironi	1
bojo	1
jasiniti	1
onte	1
ebi-ese	1
isura—silifa	1
gibali	1
janduku	1
atannije	1
noadaya	1
ofofo	1
adibeli	1
dun-un	1
didaniti	1
awon-ogun	1
hifita	1
ahisahari	1
sebulunie	1
ariyaa	1
oboro	1
tenibomi	1
agbeduro	1
salabojuto	1
onibuu	1
seribia	1
omo-omu	1
sofa	1
hotani	1
didoni	1
eleru	1
rireni	1
baye	1
dokan	1
sofahi	1
abuke	1
ifokansi	1
sunwon	1
irugba	1
kidoni	1
emo	1
teli-mela	1
re-emi	1
jonatanif	1
ainani	1
ruutu	1
baalati-beeri	1
igbekeji	1
ayeke	1
kunra	1
maliluki	1
oesan	1
oluranlowoo	1
beraiahi	1
etigboo	1
kese	1
hirami	1
lootoo	1
buburuti	1
hasobeba	1
saka	1
madai	1
egberun-egberun	1
seari-jasubu	1
bibaje	1
gbajo	1
darikoni	1
risikitaimu	1
siaa	1
elifeteli	1
efuremu-awon	1
loisi	1
ipon-ara-loju	1
re—ki	1
iwara	1
etadinlaadoje	1
jusabi-hesedi	1
radobo	1
beti-joabu	1
gasomi	1
waki	1
jiji	1
runu	1
hadorami	1
mohanaimu	1
agbeyewo	1
humuta	1
oi	1
galatii	1
tapasi	1
dogo	1
ajadii	1
paradise	1
esitemo	1
titani	1
igidalia	1
abala	1
agbemi	1
sesai	1
aiseedee	1
imolara	1
alaisi	1
lesee	1
pagbo	1
welewele	1
ibari	1
talima	1
harisa	1
beni-ami	1
paroro	1
selesi	1
ede—	1
kibiro	1
danin	1
gisoniti	1
doku	1
jeriemaya	1
betinimira	1
afia	1
refaeli	1
meraoti	1
simeini	1
arakunrin—	1
migida-ederi	1
kenikiria	1
heseki	1
jeko	1
apabo	1
iwa-buburu	1
atimu	1
furugin	1
olodunkan	1
taimai	1
nrin	1
oniwa-buburu	1
idala	1
hamoti	1
regioni	1
iko—nnkan	1
elegba	1
ramataimu-sofimu	1
hesirai	1
tomode	1
padani	1
ereki	1
madoni	1
ododi	1
ejo-ina	1
atetan	1
farawe	1
funrarayin	1
tonisona	1
atije	1
moo	1
gadarenesi	1
irobinuje	1
igba-o-din-metala	1
won—ijiya	1
merindin-laaadorun-un	1
rina	1
seyi	1
afe	1
gbole	1
orionu	1
lereke	1
silifanu	1
jehoadini	1
lailofin	1
okanlenigba	1
sefafiamu	1
petelaea	1
girepu	1
ugbon	1
goloto	1
orowuro	1
aserotu	1
mikia	1
ajopo	1
pau	1
semedu	1
jakule	1
jini…	1
alaigbe	1
tere	1
dibilaemu	1
karamasiki	1
naamaa	1
eko-odi	1
olowuu	1
joasia	1
omuti-para	1
gebi	1
tokati	1
manati	1
arakunri	1
india	1
migironi	1
esiri	1
jeberekia	1
alagbeeka	1
pingun	1
hipimu	1
aisimi	1
anamimu	1
iwolule	1
soimu	1
nabi	1
metiredi	1
u-ferese	1
ifeege	1
leyo	1
jadoni	1
jijnina	1
rufoosi	1
jasia	1
oda-ile	1
nahamu	1
makasi	1
simirati	1
funrara	1
didake	1
sifoni	1
usahi	1
alaile-ko-rawon-nijanu	1
aginiju	1
ogoorunun	1
seefin	1
alaje	1
isaa	1
gebimu	1
aibura	1
semaiaya	1
tabalia	1
dotani	1
sofai	1
helefi	1
toko	1
mituredati	1
ojomokanlelogun	1
gbe-ni-ga	1
rokoso	1
baali-meoni	1
eliehoemai	1
gbarajopo	1
famo	1
tukaakiri	1
hasenaya	1
gabasi	1
aibinu	1
gbemiro	1
dakoni	1
asako	1
susi	1
egberin-o-le-ogbon	1
jidilafu	1
ikokanla	1
baalati	1
yole	1
tika	1
asalia	1
beti-leba	1
setoju	1
jorai	1
jehoanani	1
netanaia	1
arare	1
saafaani	1
fikun	1
alafia	1
dibilataimu	1
peresi-usa	1
tairobi	1
tabeli	1
irofun-ara	1
agbeko	1
ailopin	1
matitaiya	1
esin-gigun	1
ilu-nla	1
laimo-on-mo	1
mekona	1
ikun-sinu	1
me-sahabu	1
ihuwa	1
mokan	1
ojusun	1
sinin	1
eleko-odi	1
asoro-eni-leyin	1
itedi	1
nefefi	1
malikama	1
ahun	1
awoleke	1
onise-buburu	1
jingiri	1
semelaya	1
sedari	1
aaja	1
nilu	1
parii	1
oru-omi	1
poori	1
ananaya	1
elotu	1
igbiro	1
merinlelogorin	1
afiniseje	1
hakatani	1
isiireli	1
ailoye	1
toi	1
dojure	1
helikatihu	1
hodesi	1
tira	1
agai	1
idide	1
kosibi	1
egiloni-ko	1
eni-hada	1
loseose	1
tannije	1
salaiso	1
atalai	1
timi	1
papirusi	1
hasibu	1
iya-nla	1
kisilefi	1
sifa	1
idibasi	1
aidara	1
seharia	1
sipaya	1
ekin-in-ni	1
olofi	1
renije	1
ahusati	1
irinle	1
satire	1
seorimu	1
pileyade	1
arika	1
gimiso	1
moadia	1
alailere	1
omo-olorun	1
egberunmejilelogun	1
gbeko	1
asipata	1
eloni-betihanani	1
metalelaadorin	1
bila	1
nabati	1
hamona	1
nadi	1
wa-awon	1
ifarabale	1
teli-hasiha	1
lesin	1
kabaamo	1
atida	1
liki	1
johesabadi	1
simibali	1
kawon	1
ailojuti	1
supime	1
obinrini	1
adami	1
petaiaya—wi	1
idamewa	1
isikeli	1
minniti	1
rau	1
hasofereti	1
gbebe	1
kipirusi	1
reka	1
nidusi	1
memfisi	1
tigilati-pilineseri	1
beti-jesimati	1
agbejoro	1
pannagi	1
laaaye	1
saawoo	1
jan	1
aroa	1
ahusamaki	1
poungbee	1
fetemete	1
masi	1
semirahi	1
selote	1
egbaagbeje	1
idije	1
aferemoju	1
harusi	1
siletai	1
dileani	1
or	1
saibowo	1
hakko	1
akogunjalu	1
itafasi	1
ikora-eni	1
kininni	1
eliseri	1
jefun	1
saifiyesi	1
oju-rere	1
won—ki	1
metadinlogoji-o-le-irinwo	1
olomoge	1
na-an	1
kerindinlogbon	1
iseiranse	1
tatimhodisi	1
metadinlogun-o-le-egbeje	1
jediadi	1
alakale	1
gba-n-gba	1
kalinehi	1
orokun	1
isotito	1
gbongan-idajo	1
mananati	1
lekoo	1
esisi	1
tihaka	1
poroporo	1
agbami	1
isua	1
eru-isaaki	1
saluni	1
egberin-odun-o-le-meedogun	1
giliadi-si	1
isihiahi	1
ekibatana	1
behi-peori	1
gbidanwo	1
ainirepo	1
ahasibayi	1
serera	1
helidai	1
heliboni	1
kawujo	1
metalelogota	1
lodoo	1
koja-e	1
esibani	1
afoniloju	1
pitoni	1
takete	1
lalaiyese	1
ohum	1
sairi	1
jasobea	1
irusoke	1
seduri	1
ledi	1
itina	1
eloti	1
re—jehosafati	1
panilara	1
jehaleleli	1
oniruuruu	1
eekansoso	1
gboti	1
w	1
nan-an-ni	1
futi	1
eliabili	1
jesana	1
ilosiwaju	1
iwa-funfun	1
didabole	1
abimaeli	1
ami—itafasi	1
fofosi	1
esuneke	1
maresalu	1
isakole	1
sereda	1
korasani	1
ibowo	1
lelegberun-o-le	1
ogbele	1
kakori	1
doloro	1
jaduya	1
perisiti	1
sikefa	1
nimu	1
ifororoyan	1
satako	1
iwonyii	1
ramati-lehi	1
teyeteye	1
fe—awon	1
dojude	1
hangogo	1
israeli	1
sesai-ahimani	1
oriisirisii	1
gbekelee	1
oniyii	1
legbin	1
beti-makaboti	1
otadinlegberin-o-din	1
mo—bi	1
elioenia	1
miliki	1
ajoso	1
aadota-le-ni-irinwo	1
ahibani	1
meratamu	1
bedeiaya	1
tiloni	1
farawera	1
roko	1
loookan	1
nigba-ki-gba	1
ifese	1
seranti	1
beti-hogiladi	1
inanga	1
hudii	1
fonahan	1
legbeegbe	1
egbegbewa	1
tokeni	1
firigbon	1
logboogba	1
mokanlelogun-o-le-eedegberin	1
bilasitu	1
ligure	1
nigboro	1
aramini	1
bayi	1
ibadore	1
arito	1
buloku	1
ririn	1
dabeseti	1
borasa	1
anise	1
alimoni-dibilataimu	1
alifani	1
rekemi	1
tari-sisi	1
egbaa-meta	1
ibikeji	1
nigbati	1
idakida	1
alarose	1
alaale	1
hatati	1
somo	1
porata	1
nfe	1
jiro	1
nfi	1
onidii-odo	1
medai	1
lai-ni-idi	1
asaku	1
sifilani	1
alaitoju	1
elisamu	1
kilopa	1
sakii	1
oru—	1
idogo	1
amasisai	1
ami-ororo	1
masai	1
tamoni	1
lehabimu	1
ikerara	1
igbi-omi	1
koirira	1
sigonoti	1
amubi-ina	1
jegueli	1
jejo	1
ekulu	1
laisewu	1
aloni-bakuti	1
benihadadi	1
lojojo	1
ahara	1
dare-ti	1
dawati	1
omo-on	1
ofefe	1
ewiri	1
esitara	1
kamu	1
onisunmomi	1
saretani	1
mi—gbe	1
fidimule	1
kelelekele	1
aposteli	1
sio	1
moore	1
sapeere	1
arinka	1
olukoni-ni-ofin	1
atirotu	1
mupimu	1
moeniyan	1
asiraeli	1
wo—	1
selomuti	1
kalino	1
egbaametala-le	1
simurani	1
beoriu	1
alaile-dariji-ni	1
ekiri-ekiri	1
gara	1
ogba-ewebe	1
misirefoti-maimu	1
kesibu	1
majemuu	1
oyi	1
eeyan	1
gbuuru	1
eni-keni	1
ittai	1
labele	1
era	1
sisekise	1
egberin-din-mejidinlogun	1
yanga	1
kanna-kanna	1
ogbenuso	1
rifati	1
sobiri	1
ofuuru	1
logorun-un	1
mitileni	1
kelubu	1
jahisera	1
bokimu	1
etalelaadoje	1
efuremu	1
salilumi	1
ifesemule	1
ojilelugba-o-le-marun-un	1
minti	1
buyi	1
jatamu	1
sofani	1
elasa	1
akayaku	1
aseyege	1
mitiredati	1
tulaasi	1
lohunnun	1
igbani-niyanju	1
tirasi	1
ara-kunrin	1
igbanisise	1
elihorefu	1
owo-eyin	1
pitolemai	1
naamu	1
ebesi	1
jahasie	1
sata	1
egbawa	1
tofeli	1
gbanimoran	1
kiwo	1
jefta	1
adilai	1
atayebaye	1
jusu	1
radai	1
tiyatomo	1
lookan	1
ohehi	1
wa-nigba	1
mejilelaadorin	1
lanu	1
jesireeli	1
neelamiya	1
hasiabia	1
iladi	1
asimefeti	1
akegbe	1
nikanoru	1
hahasitari	1
merodaki	1
fafa	1
akura	1
arifadi	1
gan-an-ni	1
atokanwa	1
dabaa	1
josefu—eyi	1
nsegbe	1
pasi	1
owiiwi	1
sefoni	1
hakimoni	1
lofe	1
sarusi	1
arinrin	1
goligota	1
loko-eru	1
letan	1
semariaya	1
suni	1
ifile	1
mejidinlogoje	1
ikukiku	1
nofi	1
obakan	1
laaanu	1
onika	1
dodanimu	1
opa-isakoso	1
alamoti	1
oara	1
olofofo	1
alaimu	1
iduro-sinsin	1
alabere	1
etieri	1
t'osan	1
osooro	1
omi-oyan	1
haribona	1
jesaya	1
laisiye	1
sooso	1
itere	1
ajeran	1
ohun—elo	1
jaresia	1
kokose	1
aye-jije	1
ikaniyan	1
laibikita	1
egbaametala	1
olorun-lile	1
geruti	1
jositosi	1
naa-ipara	1
batolomeu	1
tempilii	1
aadotalelegbeta-o-le-meji	1
idamarun-un	1
asilerati	1
ohun-iyanu	1
oninudidun	1
hurami	1
merindinlogun-o-le-egbeje	1
losoosu	1
aliani	1
eliabi	1
rogeli	1
are-ije	1
sumkun	1
ailo	1
sugbonn	1
kokandinlogun	1
omonile	1
miriama	1
ikanju	1
odamaluu	1
egbeegberun-un	1
imira	1
onisegum	1
hakalaya	1
ka—lebaa	1
lerin-in	1
eemeji	1
marta	1
ife-ni	1
wona	1
wugbo	1
olorun-un	1
tekoi	1
ooju	1
onikupani	1
iwojopo	1
noha	1
tibi	1
repete	1
legbaarin	1
apola	1
amubi	1
odi-yiyan	1
beti-abeli	1
se—	1
gere	1
laeli	1
supimu	1
metadinlaadota	1
jamileki	1
re—lati	1
kohahite	1
alemii-esu	1
aliya	1
fena	1
reru	1
egun-gege	1
asitarotu	1
adama	1
asiriya	1
isepo-odi	1
oya-irin	1
ore-ope	1
mesulimu	1
atalayaya	1
ihale-moni	1
onipasipaaro	1
talaafia	1
ekisa	1
itunriran	1
se—ani	1
iripeeli	1
gbarayile	1
saigboran	1
awofin	1
saafani	1
sawon	1
yekeyeke	1
tifsa	1
kakikiri	1
laidiyele	1
letii	1
orukan	1
arokuro	1
koli-hosi	1
idode	1
iwabi	1
jehiya	1
negali	1
mejidinlaadojo	1
oloore-ofe	1
hameleki	1
jehudija	1
igio	1
kobi-ara-sii	1
merosi	1
weewee	1
lalaa	1
nehusita	1
kinninu	1
sobudu	1
irera	1
ojo-didi	1
ahimoti	1
lilora	1
ipo-fulawa	1
booji	1
ifojusu	1
ayeseri	1
agbe-ihamora	1
re—nje	1
aige	1
idanilejo	1
ife-ati-jeun	1
ipeje	1
ere-idaraya	1
rehebu	1
marunlelogota	1
betipeleti	1
eni-buburu	1
gbebi	1
hihareseti	1
oro-imo	1
hauranu	1
seeri	1
kesia	1
gibatoni	1
ijalu	1
migidoli	1
iwa-eeri	1
leoodunrun	1
jii	1
egbejo	1
ihagaga	1
nirinwo	1
otuutuu	1
gbalaja	1
araiye	1
rehobi	1
kilaudia	1
hafotu	1
sebeoni	1
moabu—	1
kurokusi	1
jijade	1
jehati	1
hasamafeti	1
ofinran	1
aikobi-ara	1
matiri	1
atapa	1
eehu	1
emewa	1
dionisiu	1
isoju	1
helebu	1
egba-owo	1
imudagba	1
ogun-ini	1
otini	1
tajesile	1
fofo	1
pala	1
abela	1
sapa	1
fararo	1
abefele	1
isija	1
jewejewe	1
ileriri	1
legioni	1
igbona-okan	1
iyimu	1
sinsinru	1
romo	1
atunko	1
taso	1
nebaoti	1
sedajo	1
lodidi	1
akirabimu	1
ayalo	1
tarala	1
kue	1
jorikeamu	1
damasku	1
isireli-orile	1
iwa-ibi	1
eliasafu	1
seyun	1
alaiwoso	1
ikerin	1
sumati	1
bosipo	1
faaye	1
konanaya	1
figi	1
losi	1
ibiri	1
lokiki	1
igbin	1
teuda	1
kiresikeni	1
eyin-awon	1
fase	1
aileeri	1
moriba	1
sefafaimu	1
eru-oko	1
eliata	1
egbegbaarun-un	1
pilitai	1
agunyo	1
animu	1
egbaa-meje	1
elekefa	1
meta-din-laaadoje	1
eleran-ara	1
niekun	1
pahati—moabu	1
okundun	1
aponniloju	1
surieli	1
asope	1
sebita	1
elusai	1
patirisimu	1
lairoju	1
raare	1
palemo	1
roda	1
semosi	1
latinu	1
isibaki	1
ibi-mimo-julo	1
goimu	1
meta-lelogun	1
jemi	1
maseiya	1
hiha	1
eedegberun-odun-o-din-marun-un	1
adonikamu	1
olokuta	1
rerare	1
magaleeni	1
temo	1
taritaki	1
mikiri	1
lukiosi	1
legberun	1
maikiya	1
sododo	1
kaaare	1
loni-	1
sabata	1
ire-ayo	1
habori	1
irinwo-din-marundinlogoji-odun	1
aayun	1
usamu	1
nigeri	1
ewure-do	1
misihaeli	1
hanatoni	1
jinna-rere	1
beninu	1
sewon	1
nahisihoni	1
jakali	1
elitekoni	1
puri	1
meseabeli	1
raaka	1
porikiusi	1
pahati	1
nife	1
ofefee	1
ijagun	1
panti	1
lekeelekee	1
dunmo	1
sisanra	1
igberi	1
buomi	1
ifojusona	1
lainidi	1
saaliboni	1
aimoomoda	1
asotu	1
natani-meleki	1
bifati	1
efurete	1
rafati	1
ikale	1
raapada	1
idigbolu	1
tarara	1
helami	1
beti-kairi	1
tubali-kaini	1
naara	1
ve	1
omoodo	1
putieli	1
gongo	1
re—apo	1
efe	1
sohamu	1
fagba	1
sanfaani	1
matitaniaya	1
eekarunun	1
lita	1
ogota-o-le-marun	1
amfipoli	1
wolu	1
eyin-ina	1
sike	1
jeonatani	1
afadi	1
josafati	1
owoona	1
damari	1
resia	1
oko-irin	1
e-n	1
parada	1
efuraimu—ati	1
guru	1
metamaya	1
isibi-benobu	1
muwon	1
ehi	1
beti-tapua	1
subulule	1
gayusi	1
yoogbe	1
eteri	1
malaki	1
jeteti	1
laiso	1
eutiku	1
seka	1
ajihinrere	1
jefuni	1
kiti	1
ipon	1
onirewesi	1
rudi	1
okunrun	1
owo-oya	1
tempi	1
noah	1
aileera	1
alaini-baba	1
asanaya	1
inara	1
tenpili	1
petekete	1
misihi-rai	1
sipeliti	1
aiberu	1
balisamu	1
migironu	1
perisisi	1
asoro-odi	1
gbena-gbena	1
papa-oko	1
herimoni	1
patara	1
ati-sinu	1
onirinkurin	1
esari	1
beti-pasesi	1
inii	1
ori-oko	1
miti	1
legbegberun	1
isireli—	1
hasori-hadata	1
patiria	1
tilgati-pilesari	1
isui	1
gadieli	1
safamu	1
laibi	1
atonisona	1
iposi	1
ihunra	1
laafin	1
oninukan	1
bunisan	1
sedadi	1
pileiade	1
napitali	1
garimi	1
baaseiahi	1
gebali	1
aipon	1
hebroni	1
tiranaka	1
sorosoro	1
hadidi	1
sababai	1
apidan	1
lao	1
selomi	1
doree	1
karakara	1
pamifilia	1
iranleti	1
resefi	1
jerobohamu	1
kabiseeli	1
iyikakiri	1
lalo	1
lisitira	1
gbongboo	1
huru	1
hasuba	1
golgota	1
laitun	1
alu-ni	1
soa	1
susana	1
tagba	1
bera	1
l	1
enu-omu	1
nodi	1
ifisoro	1
saaraimu	1
ifi-orun-bura	1
aropodogiri	1
toun-teje	1
idegongo	1
loja	1
mahaniamu	1
kenasia	1
alatagba	1
sesori	1
deede—ki	1
omoeleekeji	1
mahasioti	1
taanati-silo	1
itafa	1
hurami-bi	1
laiku	1
esebani	1
bara	1
lawa	1
ijeniya	1
seleki	1
nimifasi	1
tigbongbo-tigbongbo	1
beri	1
nlare	1
roga	1
soreki	1
re—ewu	1
o-din-meje	1
run-un	1
moabi	1
jankanjankan	1
eni-ogoji	1
ribi	1
hiramia	1
alaisora	1
soroodi	1
onitelorun	1
ligumi	1
dimoni—	1
mikeli	1
saridi	1
ide-oko	1
estaoli	1
pisifa	1
jewa	1
egbaamejilelogun	1
ajooku	1
opa-eran	1
egbere	1
filisitiani	1
idagbere	1
mejila-o	1
pasaki	1
sofin	1
jase	1
pelatiya	1
iyaare	1
juujuu	1
keyinda	1
el-beteli	1
etopia	1
eeku	1
eti-kasini	1
jahidieli	1
senakerebu	1
fenike	1
nigbawo	1
nisisiyii	1
meraiotu	1
sihemaya	1
hagabi	1
kafitorimu	1
asarela	1
ojilenirinwo	1
marun-undinlaaadota	1
sepatia	1
rakoni	1
obele	1
mogido	1
debirie	1
rafaimu	1
enu-ode	1
kerere	1
jasisi	1
jahasa	1
bereoa	1
matia	1
nubia	1
jahisahi	1
irenije	1
egbafa	1
ijosin	1
bileamu	1
ifona	1
rohin	1
habasinaya	1
egberindinlogun	1
niyangbo	1
pasanga	1
kawe	1
afaroti-adari	1
woyi	1
fetisile—nitori	1
lolu	1
gbau-gbau	1
ayaworan	1
dimina	1
sihimei	1
hamonia	1
bamtisiimu	1
epafira	1
apamo	1
paari	1
nibiyii	1
sandali	1
agun-keke-ogun	1
ponni	1
me	1
dalimatia	1
poro	1
isotee	1
eni-ami	1
sanma	1
hewu	1
onisokuso	1
lamu	1
etadin	1
ila-orun	1
benhuri	1
ahimoni	1
ailabula	1
kenaani	1
misimasi	1
pada—emi	1
tobi-adonija	1
asoro-buburu	1
mehiri	1
makeli	1
olubadamorawa	1
orinan	1
fifuye	1
negebu	1
ila-abe	1
olootiito	1
katati	1
ibimimo	1
isoro-eni-leyin	1
iwi	1
ibihari	1
atobinrin	1
etadinlaadorin	1
pedasuru	1
bidikari	1
beroea	1
funfun-lau	1
haliuli	1
idayii	1
nigbayi	1
owu-jije	1
manasse	1
kandinlogbon	1
petu	1
gamaeli	1
psalmu	1
ikannu	1
yiyanju	1
lamasi	1
isaia	1
baali-salisa	1
asisa	1
aija	1
diduro-sinsin	1
jupiteri	1
yora	1
popilari	1
olowo-iyebiye	1
ilewo	1
ararati	1
ibiiyi	1
enikini	1
irinwo-odun-o-din-aadota	1
kadimeli	1
iyara-eni-soto	1
sepafiramu	1
aheri	1
ahalayi	1
matiredi	1
atajesile	1
dindi	1
elenu	1
olupi-ogunn	1
kefari	1
ije-mimo	1
alainiyin	1
nimurodu	1
loka	1
oma	1
omo-iya	1
asofin	1
fikoli	1
ilekun—ni	1
lafikun	1
beti-peleti	1
ailetan	1
mimuse	1
onipasiparo	1
hooho	1
latokere	1
arie	1
iyewuu	1
lesan	1
dirusila	1
odan	1
nofu	1
oriire	1
meji-o-le-eedegbeta	1
ifunpe	1
atunwi	1
aposteli-ki	1
mokandinlogorun-un	1
ojusan	1
didide	1
marunlelogoji	1
isunu	1
tayo-tayo	1
yii—agbegilere	1
eyoyo	1
husatiti	1
kamoni	1
kirisireni	1
og	1
beti-asibea	1
hamueli	1
makoosi	1
alainironu	1
bayen	1
egbaaje	1
asai	1
merinlelogun	1
seberi	1
mikimeia	1
alairi	1
fatieli	1
egberinla	1
mahane	1
atipe	1
lebulebu	1
paapa	1
fesii	1
lefun	1
olupinfunni	1
merindinlaadorin	1
ifari	1
lagba	1
huli	1
sope	1
seribu	1
patieli	1
tiripolisi	1
semaiah	1
ajosepo	1
aiko	1
netania	1
ketili	1
pewon	1
erindinlogun-o-le-igba	1
apositeli—otito	1
mesopotamia	1
asuru	1
logba	1
eleasari	1
elitoladi	1
sikari	1
orun-apaadi	1
letiki	1
saraimi	1
kuumi	1
abami	1
reaiya	1
hodiya	1
afonnu	1
bamtisi	1
akasia	1
oreni	1
ayikaa	1
bojumu	1
tarea	1
lejioni	1
siketa	1
dukia	1
segesege	1
rodanimu	1
funraayin	1
oninunibini	1
salamisi	1
fifunni	1
idani-lagara	1
diotirefe	1
iwakiri	1
pasidia	1
ogbonkogbon	1
idii	1
hobata	1
oke-odo	1
oniberu	1
kelaeaya	1
pekodi	1
amiunoni	1
afimu	1
didekun	1
josai	1
kerindinlogoji	1
ifabela	1
atike	1
hosanna	1
kelali	1
isirahia	1
meribai	1
ifeni	1
okudu	1
lojumo	1
itore	1
aijebi	1
meribu	1
nahari	1
fisun	1
eremeje	1
beni-hinomu	1
a-kun-wo-sile	1
lokuu	1
egbe-ogun	1
jerihamu	1
ninla	1
elifali	1
ebati	1
reaya	1
kun-a-kun-wosile	1
sile-bi	1
age	1
saseyori	1
egberun-odun-o-din-mokanlelogbon	1
ijokoo-lesin	1
sitihiri	1
gahani	1
igbooro	1
niji	1
ekarun-un	1
gbejo	1
olukosile	1
kiriharaseti	1
ifita	1
tabirimoni	1
tabosi	1
ifisun	1
ijangbon	1
seturi	1
teje	1
ailabawon	1
ahiani	1
keniyan	1
petelee	1
jerubaali	1
kasemisi	1
osia	1
nedabia	1
tinrin	1
jamai	1
odii	1
ijejila	1
areli	1
alajeki	1
amurafeli	1
marundinlogojo	1
alameleki	1
isakuro	1
talita	1
baaje	1
idaiuu	1
monu	1
metalelogorin	1
olofa	1
agbero	1
korile	1
erinmeje	1
eku-eliri	1
barle	1
maadai	1
ilepa-ara	1
barihumiti	1
sahendiri	1
semaaya	1
areta	1
aloti	1
iwonkan	1
oyin-fun	1
apolonia	1
lerii	1
ikawoo	1
fifaya	1
orirsiirisii	1
jogibia	1
diyaje	1
kilikaia	1
akewo	1
kekeeke	1
alangba	1
hagiahi	1
pitan	1
idakeji	1
alaikekoo	1
isikeeli	1
molidi	1
lojumi	1
ifonna	1
hobaiya	1
gbami	1
eedegberun-odun-o-le-marun-un	1
saajo	1
aleebu	1
sisaria	1
tehina	1
remaliya	1
turikuose	1
logorin	1
amoki	1
rirobi	1
iberepepe	1
isuai	1
kedasi	1
itaja	1
agantan	1
fifere	1
wemo	1
jini	1
dese-bi	1
iwefaa	1
laipa	1
eni-ijosin-si	1
ajile	1
gbale	1
eni-rimoni	1
sobia	1
itanka	1
lewi	1
kadimoni	1
gbo—awon	1
ahumayi	1
talaemu	1
kokanlelogbon	1
orokoro	1
iha-ila	1
hadade-seri	1
ahoa	1
olulu	1
jerusalemu-eyi	1
atara	1
fanka	1
alimoni	1
pokunso	1
ijina	1
gerisonite	1
jakoni	1
iha-ariwa	1
issakari	1
un—	1
je-lojoojumo	1
baal-beriti	1
feni	1
oniga	1
aositeli	1
nilati	1
afonfere	1
eni-ola	1
fofoofo	1
feefe	1
olugbekele	1
oludije	1
iwopo	1
gooro	1
salela-eti	1
iran-iran	1
nebayi	1
gbigbeko	1
bikose	1
hotami	1
reli	1
rodisi	1
jeueli	1
alagemo	1
pooko	1
hasihubi	1
yaya	1
papoju	1
kadara	1
adaliya	1
mariwo	1
naa—ki	1
jokineamu	1
eetiri	1
ojogbon	1
eleyameya	1
atungbe	1
simeami	1
emikeni	1
fajuro	1
asifati	1
fasia	1
gedu	1
airiran	1
fu	1
jahaseli	1
egilati	1
remeti	1
pirisila	1
ojulowoo	1
akin	1
jedaliya	1
sikopioni	1
asinoti	1
mehelabeli	1
mefamefa	1
batolemeu	1
elasari	1
baptisti	1
hopira	1
sereri	1
maki	1
kejilelogbon	1
naa-gbogbo	1
etandinlogoje	1
apase	1
jehisikia	1
tilekun	1
lebira	1
kenati	1
takada	1
nekoni	1
hedareseri	1
laayo	1
akose	1
anenu	1
omokekere	1
hakumoni	1
yiyipada	1
ibakegbe	1
foritii	1
wa—iwo	1
oko-ojuomi	1
igbe-orin	1
hikaya	1
jinjinna	1
pileeni	1
ailofin	1
ifaraji	1
fanueni	1
komo-on	1
falitieli	1
ranlowo	1
agbede	1
ramipada	1
gemali	1
ketekte	1
naa—papo	1
abanileru	1
sopin	1
jesiraya	1
jeromoti	1
beti-arani	1
tewon	1
mada	1
pomigiranatio	1
penpe	1
marundinlogbon	1
pafosi	1
jahaleli	1
bisilami	1
jokidiamu	1
kin-in	1
isibaku	1
abeli-mehola	1
onijadi	1
misami	1
onida	1
tirana	1
nebusasibani	1
imosokan	1
saridu	1
abialiboni	1
ajeji-obinrin	1
misari	1
egbeegberin	1
ifofo	1
onijagidijagan	1
kusaia	1
bibeere	1
itira	1
ka—lati	1
eemi-edun	1
ula	1
imo-tara	1
kare	1
ipo-oku	1
pinnun	1
sani	1
jekutieli	1
gaseri	1
tafanasi	1
janfaani	1
mejidinlaadosan	1
ibilu	1
petueli	1
ti-gbongbo-ti-gbongbo	1
alakikanju	1
sounje	1
kan-in-kan-in	1
yanranyanran	1
pilidasi	1
marun-din-laaadota	1
makija	1
olokan-didi	1
kuruju	1
iluti	1
kesedi	1
tunilara	1
osoosu	1
ipeja	1
sodokiti	1
ibehari	1
beno	1
fifayo	1
pupopupo	1
onijangban	1
jokiteli	1
abura	1
idi-oko	1
erinmi	1
irinisi	1
isipo	1
keke-eru	1
aramu-naharaimu	1
nibisani	1
saju	1
tikaraayin	1
laagun	1
alabunkun-fun	1
laikaanu	1
berotai	1
talimai	1
imura-sise	1
hasabineaya	1
miniti	1
jaroa	1
re—awon	1
awsiye	1
aneri	1
alaitun	1
bunni	1
pantiri	1
meleki	1
mokandinlogofa	1
eyakeya	1
pamonganati	1
mesobabu	1
farasinko	1
isakooso	1
eru-wuwo	1
daduro	1
gboin-gboin	1
owo-irapada	1
ookan-ayaa	1
lahadi	1
rabiti	1
tamai	1
megidolu	1
alairiwi	1
kiloo	1
pipase	1
pariu	1
potisedi	1
tatenia	1
niseju	1
emeki-kesisi	1
awiye	1
akari	1
dalare	1
manaeni	1
esibali	1
tameri	1
beti-rehobu	1
sikeroni	1
sebadiahi	1
gidigi	1
hasabiahi	1
egbaamokanla-o-le-merinlelogbon	1
anbontori	1
omamu	1
inu-rere	1
kristi	1
jesihai	1
ikoti	1
aponiloju	1
kirisitiani	1
iwe-ikowe	1
beti-sani	1
kasitoru	1
afinimona	1
arida	1
riranti	1
enidori	1
laadorin	1
imi-ojo	1
midini	1
imotele	1
poungbe	1
omo-eeniyan	1
igbagboni	1
kehinda	1
gomora-lati	1
isirahi	1
kolahaya	1
sumo	1
tumimu	1
eskaya	1
olore	1
itabuku	1
asunkun	1
ludimu	1
tulasi	1
silioti	1
ibilemu	1
aiyati	1
segudu	1
satipo	1
jeu	1
ojo-n-bo	1
rogelimu	1
mejilelaaadosan-an	1
sarafu	1
bene-beraki	1
ijoko	1
afagbarawo	1
aderi	1
simimo	1
mereerinla	1
akonisin	1
kokan	1
isinipo	1
penupo	1
imuni-toogbe	1
anaharati	1
gederi	1
sefaradi	1
tebere	1
nia	1
seeti	1
sibiya	1
garebi	1
samotu	1
nesia	1
medeba	1
esin-ogun	1
kuu	1
iforibale	1
atejumo	1
owo-ise	1
damasikosi	1
gbamimu	1
nigido	1
da-ni-lekun	1
asasi	1
helehele	1
pasidamimu	1
ponunpon	1
iwe-akoole	1
ateyin	1
gaiusi	1
bena	1
akiposi	1
afipase	1
eedegbeje	1
tenumo-on	1
gideoni	1
ilewu	1
ipoo	1
beni-oni	1
agekuta	1
ookun	1
boji	1
usiahi	1
akurete	1
isimaia	1
alaabo	1
gahamu	1
juta	1
sintike	1
iyosuti	1
jeoba	1
egbaameedogun	1
tokimu	1
kesi	1
on—	1
hesoroni	1
sebadiaya	1
samotirakia	1
onibode	1
iwokuwo	1
okin-in-ni	1
idajoo	1
jaasu	1
alajeju	1
sipase	1
ojoo	1
olutogbase	1
inu-ibi-mimo	1
olukluku	1
arigobu	1
elegbin	1
maaseiaya	1
geliloti	1
sahasuma	1
perelaya—ko	1
bakibukaya	1
ojo-ogbo	1
hodi	1
okuta-ako	1
ojidinrinwo	1
gari	1
naju	1
akore	1
nekebu	1
jeieli	1
moresetigati	1
pin—olotiito	1
popooro	1
pini	1
imoyato	1
pipadanu	1
sabayi	1
titunse	1
kapadokia	1
jowuu	1
iyangan	1
ire-ije	1
tafia	1
dan-an-wo	1
okun-osan	1
kaye	1
a-gbe-so-soke	1
selitili	1
rubisi	1
wenumo	1
okure	1
ojele	1
mejilelaado-san-an	1
kinla	1
tiiri	1
asaiahi	1
domi	1
lumo	1
josebu-basebe	1
hadadaseri	1
titumo	1
disahabi	1
and	1
obiiri	1
lahimi	1
wolii—gbogbo	1
ifi-aye-bura	1
edirei	1
lefi-jesua	1
onise-owo	1
olupaniyan	1
bitinia	1
okansoso	1
atun	1
lagbari	1
kirisitali	1
salimani	1
mo-on-mo	1
ayaku	1
samina	1
korahi	1
isori	1
igbiyanju	1
jedaiya	1
ekeri	1
irasile	1
anani	1
semanaya	1
dimolu	1
samua	1
dirama	1
lanfaani	1
omoomo	1
sebuti	1
kanun-un	1
turari-ise	1
ehihu	1
dagbasoke	1
ifabe	1
ololufee	1
idimule	1
janle	1
pelugbogbo	1
imokanle	1
ojidinlegbesan	1
shiboleti	1
yin-in	1
mikayah	1
seleukia	1
orinlenirinwo	1
ekan-omi	1
akola	1
asabaya	1
ahinoni	1
orofo	1
kiriati-aba	1
omo-maalu	1
ogundinlegberun	1
olumo-okan	1
aitoju	1
ijeri	1
eninyan	1
dakun	1
paje	1
ona-ese	1
imiri	1
fonkale	1
ekewaa	1
hesimoni	1
isimaili	1
puta	1
iwahihu	1
lama	1
gati-heferi	1
susimu	1
gunte	1
aro-feere	1
pilateu	1
tebeti	1
jonatani—	1
eleekaarun-un	1
nefisi	1
gbada	1
iyana	1
naa-olori	1
jaloni	1
piriskila	1
meheta-beli	1
ogorin-meji-o-dinlaadota	1
ribai	1
niyoo	1
lae—	1
aridi	1
homamu	1
…wahebu	1
afinisofo	1
isimakia	1
gbigbesan	1
ametisiti	1
osii	1
ladi	1
heroni	1
powo	1
etanimu	1
aadorun-un-o-le-meta	1
pali	1
enegilaemu	1
mularada	1
kandake	1
hasarimafeti	1
laisa	1
amubiina	1
jogili	1
ojilelegbeta	1
joedi	1
fohunsokan	1
kohatite	1
seriia	1
datomi	1
imulayale	1
eni-gannimu	1
iweri	1
giraamu	1
siseli	1
egbeji-lelogbon	1
kileopa	1
sinsinyii	1
olubojuto	1
moeselemia	1
hilkia	1
iso-oko	1
jijadu	1
ilonilowogba	1
jubeli	1
sobai	1
timoteu	1
tasiri	1
daagbe	1
sibima	1
batanii	1
poruuru	1
abitubu	1
osu—ti	1
jemima	1
toha	1
gesani	1
jerora	1
egberin-odun-o-din-metalelogun	1
funrarawon	1
helibaha	1
ibante	1
pisoni	1
ijoyee	1
obili	1
logedengbe	1
ssubu	1
yinmu	1
luwee	1
ikanni-labuku	1
eran-ode	1
harihaya	1
egberin-o-le-meje	1
lailomi	1
igbokegbodo	1
alaika	1
yinni	1
kehati	1
tikaare	1
beti-nimira	1
ailere	1
josibia	1
tejeteje	1
jobabi	1
tenu	1
mahilahi	1
asaigboran	1
lohunkohun	1
netaniah	1
isibori	1
parisika	1
ikejii	1
eliami	1
lowuro	1
deede-ogbon	1
masali	1
isiaya	1
isreli	1
beerotu	1
sifu	1
imo-ope	1
jogbena	1
mokookanla	1
marala	1
moadaya	1
kikoni	1
telemi	1
lopolopo-omiran	1
kadimei	1
gboingboin	1
aroju	1
aramaini	1
hasadia	1
owiwi-odan	1
oluyanilowo	1
ifenuwakiri	1
amihudu	1
ohun—gbogbo	1
onigbajamo	1
kuta	1
ogoje	1
siloi	1
sefufani	1
teli-abibi	1
fibo	1
tikalarami	1
teleri	1
sabeani	1
isisile	1
alagbalugbu	1
ogbon-le-nirinwo	1
ilawo	1
berekiahi	1
moria	1
olumo	1
dekapolisi	1
pai	1
meweewaa	1
ahasueresi	1
olukoore	1
jedaaya	1
ile-de-ile	1
beta	1
orun—nisinsin	1
moreseti	1
werewere	1
orinlugba	1
alifa	1
hagati	1
asawo	1
pitomi	1
ile-aabo	1
ipanilara	1
gedegede	1
jaelia	1
inura	1
tamborinin	1
akemole	1
dewo	1
jeremiaya	1
igikigi	1
nebihasi	1
nilenu	1
metegamima	1
amima	1
gasomu	1
aibowo	1
ojilelegbesan	1
oro-kele-ba-teni-je	1
gboose	1
isika	1
ibode-omi	1
jahosafati	1
biliga	1
isaiah	1
mokanlelogbon-o-le-eedegberin	1
solonmoni	1
idagari	1
malikiramu	1
pomegiraneti	1
arowoto	1
merinlelaadota-o-le-ogorun-un	1
jesieli	1
egbaameji	1
idasimewaa	1
pisidia	1
serarifaimu	1
filetu	1
egberun-din-ni-aadota	1
tan-gan-ran	1
eni-ganimu	1
seliaya	1
idi-omi	1
sifani	1
abamo	1
ko-san-an	1
sugbn	1
alikamo	1
karisoliti	1
owu-atupa	1
fun'ra	1
parun—	1
beti-hakeremu	1
tamarisiki	1
eliali	1
gbongun-gbongun	1
tanimoni	1
geharasinu	1
nama	1
rakemu	1
semueli	1
rehobohamu	1
iwenumosi	1
okurin	1
imule	1
abeli-sitimu	1
iseun	1
ibadoree	1
jasaniaya	1
omiro	1
ogba-olifi	1
akopo	1
sotete	1
mararunun	1
ori-amo	1
lila	1
enikan—	1
arinani	1
ayika-keke	1
nakoni	1
resefu	1
iwa-ropo	1
tafeti	1
eta	1
alumokoroyi	1
ramamuti	1
oriri	1
kirisitieni	1
kaidea	1
faniya	1
ahisamaki	1
mokandinlaadota	1
demi	1
mefatu	1
eleadahi	1
eniyan—eri	1
alufa	1
reluwee	1
ogogoorun-un	1
mejidinlogorun	1
jekoa	1
jeremeli	1
daraju	1
keluhi	1
olala	1
enkeni	1
taima	1
lei	1
parisanidata	1
jolo	1
oribale	1
ekolo	1
sibekia	1
lakeeju	1
tihin	1
mokanlelogun-o-le-ojidinnirinwo	1
kanakana	1
alaida	1
alabaakegbe	1
arekeke	1
losanan	1
seali	1
teyin	1
neelamaiti	1
sefania	1
omirie	1
jabine	1
magipiasi	1
olagbatoju	1
ilo-siwa-seyin	1
akunwosile	1
awajale	1
esikoni	1
latijo	1
munumunu	1
eleeerii	1
egberunun	1
aije	1
fifetisile	1
joanna	1
yirapada	1
nafisi	1
lebo-hamati	1
jakumo	1
hotiri	1
lodabari	1
misimana	1
foro	1
budo	1
laikore	1
oninu-funfun	1
malikijahi	1
alaimo-bi	1
saferii	1
berikia	1
nebakadinesari	1
eniyaan	1
sapamu	1
mejidinlogorun-o-le-egbejo	1
kinbali	1
joeseri	1
refaja	1
isikarotu	1
sojusaju	1
efesidamimu	1
erenbale	1
iyodi	1
tase	1
isaata	1
kolaya	1
titajesile	1
adiria	1
geburieli	1
kiin	1
laibeere	1
mobunnai	1
tadimori	1
kelubi	1
salisa	1
itosi	1
haloesi	1
seridi	1
hasa	1
saraimu	1
hatifa	1
geuli	1
samihuti	1
adada	1
tuurutu	1
aramonda	1
takoo	1
tiro	1
beti-gaderi	1
arunlelogota	1
elifelehu	1
egusi	1
eroja	1
akadi	1
dilu	1
yerepe	1
kohahiti	1
beraka	1
jegudujera	1
nimurodu-ogboju	1
adapo	1
olukorin	1
beni-hinomi	1
ikarun	1
amadi	1
akese	1
alaiwulo	1
jehukali	1
loore	1
ailabuku	1
salimai	1
irpyin	1
janasi	1
anitotijahi	1
apon	1
efata	1
lemolemo	1
selofenati	1
kokanlelogoji	1
memufisi	1
bukia	1
aseyinwa	1
sesibasasari	1
lapidoti	1
ololaa	1
omi-pupa	1
pati	1
ifedia	1
lopolo	1
iri-semesi	1
akitan	1
menu	1
baria	1
olojo	1
bitia	1
onimoran	1
lounje	1
layiika	1
bealia	1
gia	1
senani	1
ifofoo	1
kisiti	1
alaaaru	1
samaria—	1
makanadebai	1
sotai	1
elubo	1
awekun	1
iha-gusu	1
yakin	1
sihodi	1
gbangban	1
siabetai	1
gogowu	1
silati	1
iwode	1
aifee	1
saeruia	1
husati	1
kimamu	1
leka	1
maseia	1
ogoogota	1
orisaa	1
yewu	1
aluku	1
aguri	1
oyo	1
nisisinyi	1
nisinsin-yii	1
oke-mefa	1
sadomu	1
silamu	1
benbelu	1
apiili	1
eifironi	1
isojo	1
ibukunwo	1
ramoa	1
kololo	1
toladi	1
alaja	1
koore	1
abojuto	1
letoo	1
korisi	1
asegi	1
eni-gedi	1
kiriati-saferi	1
atadi	1
amoro	1
benaiya	1
tirati	1
onijagbon	1
irinwo-o-le-marundinlogoji	1
sagbara	1
omugo—okan	1
apo-oka	1
agbe-okuta	1
oniwora	1
ngba	1
bawa	1
esi-bali	1
refaiahi	1
afeyika	1
egbaa-o-le-aadota-le-legbejo	1
buna	1
subo	1
alaabo-ara	1
idabobo	1
barikosi	1
gibiati	1
ireti—koda	1
mi—	1
gbun	1
ipannkan	1
gboya	1
igbeekun	1
ajinyinrere	1
samayi	1
ipinfunni	1
rakati	1
alapata	1
eru-nla	1
pepeyedo	1
isere	1
hidayi	1
jesreeli	1
kitimi	1
hareti	1
gibiati-haralotu	1
sewo	1
musihi	1
egbaarunun	1
ore-alaafia	1
ajumojogun	1
gberefu	1
ibu-omi	1
jumimu	1
ibe—	1
oni-olonii	1
tanhumeti	1
oloruko	1
oniyanu	1
omo-obirin	1
egbaamerindinlogun	1
garisoni	1
asemo	1
kerindinlogun	1
jehoiaribu	1
jami	1
hasa-gada	1
joana	1
konia	1
apadabo	1
dofi	1
huwakuwa	1
arisa	1
munasoni	1
dirodiro	1
gogo	1
kalamoosi	1
mesaya	1
tetisi	1
losu	1
sefunati-pania	1
won—pelu	1
firifiri	1
nssinsin	1
ojuomi	1
ogedengbe	1
jelu	1
oloju-meji	1
dunjudunju	1
igba-o-le-meje	1
sanda	1
sakia	1
ihumo	1
ueli	1
rogboku	1
jaire	1
mesilemiti	1
tahasi	1
sena	1
helemu	1
isima	1
semeri	1
balisebubu	1
kiriati-ariba	1
awose	1
kowajo	1
eletanu	1
owokowo	1
eredi	1
jadua	1
tidali	1
leu	1
ojilelegberin	1
igbafe	1
maasaya	1
yin—ani	1
saami	1
orioni	1
sinisin	1
saana	1
iyasimumo	1
nitaimu	1
lo-ami	1
anabu	1
l'enu	1
l'emi	1
regemu	1
obun	1
saapa	1
ijora	1
gbakugba	1
bunije	1
igbeja	1
ijerin	1
supa	1
gedari	1
teofilosi	1
atowodowo	1
ikokandinlogun	1
isireli—awon	1
lasepe	1
darin	1
olopolo	1
erasitu	1
buse	1
idotini	1
koseba	1
asere	1
ifenu-koni-ni-enu	1
kiriati-sana	1
akoju	1
loorekoore	1
ailaanu	1
tigilati	1
lenubode	1
ki-gbe	1
ipohun	1
leekinni	1
alaboojuto	1
ailese	1
erosi	1
jedutumu	1
alailope	1
koha	1
etahoro	1
jala	1
bebayi	1
migidani-gadi	1
mehida	1
mekisedeki	1
gbohungbohun	1
linu	1
alukamu	1
iwojo	1
tiawon	1
laiwon	1
safira	1
kana-rafini	1
ambotori	1
ogojo-o-le-meji	1
birisaiti	1
itowo	1
asidodi	1
ahalabi	1
awise	1
soroo	1
weere	1
amisadari	1
ketadin	1
miniamini	1
gaaruu	1
mokanlelogota	1
jerieli	1
jasilibu	1
merindilaadota	1
adanwo	1
sitirai	1
keke-esin	1
eyii	1
lekan	1
beseriu	1
sikiii	1
tannganran	1
tebomi	1
fidii	1
meedo	1
iwa-were	1
migidali-eli	1
ifarasin	1
meji-meta	1
ilopo-meji	1
sabiasi—	1
himodadi	1
atalia	1
jokiniamu	1
lohun-rara	1
paudani	1
h	1
ajumoje	1
arokeyin	1
atijo-tijo	1
jefuneni	1
mefeefa	1
bojuwode	1
asedanu	1
meri	1
woorowo	1
mimi-eemi	1
waiwai	1
gbagigbagi	1
ponloju	1
tutun	1
arisitariku	1
talimai-iran	1
alimadadi	1
rehuma	1
namu	1
mo-on	1
bamoti	1
onihumo	1
jemo	1
siloa	1
asofo	1
nigba-ki-igba	1
beti-ofira	1
ayaafi	1
imuga	1
amukun	1
hikilia	1
mama	1
hesiri	1
sarueni	1
hoamu	1
atewon	1
keyesi	1
morari	1
seradi	1
ogirii	1
beti-afeli	1
ipooyi	1
omobibi	1
isera-eni	1
sasiai	1
juliosi	1
hileni	1
konania	1
hisikia	1
gisipa	1
josifaya	1
kadea	1
reobu	1
hobabi	1
paruha	1
gerisimi	1
daba	1
fanimora	1
hasabineja	1
hasaiya	1
ibikun	1
okemejo	1
jonataani	1
lehabi	1
jegbadun	1
elemi	1
onimajele	1
mo-eyi	1
binuyi	1
fela	1
riririri	1
digi	1
ekarunun	1
judiiti	1
igo-oti	1
etanilu	1
jereli	1
kopo	1
sairan	1
orere	1
kugbu	1
tumi	1
borisa	1
ifonmu	1
amipo	1
jebieli	1
jijoro	1
alailemii	1
fiye	1
yiyapa	1
mesulemeti	1
iferaku	1
aniamu	1
awe	1
ayanije	1
peere	1
hanisi	1
70	1
aidan	1
kaperita	1
naga	1
eluli	1
merindinlogbon-o-le-egbeje	1
isapamo	1
omo-omobinrin	1
jesiua	1
tiko	1
iwa-laaye	1
jaribi	1
pamimo	1
losiwaju	1
ekejii	1
sojojo	1
iloyun	1
ifise	1
haramu	1
ibi-giga	1
eedegberun-odun-o-le-ogbon	1
gamadi	1
sisopo	1
fun-fun	1
etini	1
mokandinlogun-o-le	1
juwe	1
siori	1
beti-sesini	1
eniyankeniyan	1
tisi	1
aadotadinlegbeta	1
hasieli	1
kilode	1
netofatiti	1
sirakusi	1
kuusi	1
te-le	1
mowo	1
saritani	1
igele	1
gboogun	1
sisani	1
jaatan	1
ikunwo	1
kesaria-filipi	1
iwonisan	1
fonfonfon	1
marati	1
beni-soheti	1
anami	1
sikeji	1
lonka	1
laetiri	1
salatieli	1
korokoro	1
omo-ana	1
apasa	1
uli	1
narani	1
lonin-in	1
egbaameeedogun	1
kojuja	1
negefu	1
ibaase	1
safikun	1
jewon	1
guri	1
osonu	1
ojilelegbefa	1
kosile	1
libataini	1
egbaa-meedogun	1
gbimoran	1
saanani	1
filakiteri	1
wariwari	1
eeha	1
api-foru	1
matitaya	1
alailokun	1
onu	1
nafatali	1
sinssin	1
gboorun	1
olufee	1
betuli	1
gbawon	1
arikipu	1
arunlelogorun	1
igbaju	1
odomodebinrin	1
merindinlogorun-un	1
jedida	1
afeni	1
hitikiahi	1
sulufuru	1
olodoodun	1
sojuusaju	1
iropo	1
alai	1
telasari	1
behamoti	1
jijinna	1
idapada	1
momi	1
—eyi	1
irede-oru	1
aso-ofo	1
jamuti	1
laisota	1
simiriti	1
asiriu	1
maakiha	1
eedegberun-odun-o-le-mejila	1
idi-ewe	1
itasi	1
iho-imu	1
eedegberun	1
alarankan	1
sefari	1
isalaye	1
beni-haili	1
skitia	1
lainiye	1
olora	1
idatan	1
asanyan	1
tonilaja	1
dawojo	1
likaonia	1
keya	1
aijeun	1
—kun-ya	1
ogun-o-lugba-o-din	1
elisabadi	1
petiaiya	1
alaya	1
ofun	1
owo-omo	1
mase	1
ilolorun-pa	1
omo-binrin	1
agilinti	1
sisare	1
takimoni	1
akopon	1
selofeadi	1
mamure-ile	1
irori	1
enikanti	1
nasarene	1
abihudi	1
arodi	1
alaimoore	1
eboni	1
hasenuaya	1
mi-awon	1
lowooro	1
didin	1
fojuu	1
sekaka	1
nitiri	1
isieli	1
selisiya	1
iyanna	1
baamu	1
onibinu	1
nse	1
isimaya	1
omoran	1
timinati-heresi	1
jrusalemu	1
jahisieli	1
gbere	1
dogbe	1
petaiayo	1
iwase	1
beera	1
awako	1
apo-owo	1
joo	1
jedidiaya	1
olukuku	1
oninututu	1
tide	1
marundinlogorun	1
jeeje	1
palarada	1
seleliponi	1
bojuwole	1
sanfani	1
nofa	1
salai	1
aisole	1
gige	1
adiramitiu	1
rue	1
idanu	1
baalimeoni	1
ileri—	1
alalupayida	1
jaguri	1
amulu	1
ojusaju	1
karipu	1
roti	1
amugbe	1
baara	1
tituka	1
sojukokoro	1
mi-iwo	1
ilu-ibile	1
esioni	1
laigbeyawo	1
harori	1
gbin-in	1
sedekiah	1
mejidin	1
pipada	1
apoti-itise	1
ariyan-jiyan	1
ijanba	1
irokuro	1
alainani	1
rera	1
konga	1
tikaraa	1
awon-nla	1
iyemeji	1
gidaiti	1
iwa-tutu	1
atole	1
jokimeamu	1
asitoretu	1
ikoree	1
sekenaya	1
gagasi	1
alimoni-dibilatamu	1
sailumu	1
ibumu	1
jinmi	1
titeju	1
elekoo	1
sereti	1
beeri-seba	1
kan-naa	1
ahonkahon	1
igeali	1
meyin	1
leyin-in	1
meromu	1
aisotele	1
wopo	1
jaboki	1
idojukoju	1
gooji	1
kitilisi	1
modaru	1
jabineeli	1
lojukannaa	1
kiosi	1
pasiparo	1
sisogo	1
alawokose	1
tohun	1
kusee	1
halefi	1
egbeegbaarun-un	1
oludajo	1
olugbin	1
masea	1
arifasadi	1
kenania	1
funrarare	1
efanjelisiti	1
erankan	1
efuramu	1
iso-oru	1
tinu-mi-ni-n	1
hali	1
imulokanle	1
korianda	1
aika	1
janesi	1
maseie	1
sisubu	1
netaniaya	1
wani	1
nin	1
lojukoroju	1
gbigboro	1
wonnni	1
egberun-din-mejidinlogoji	1
alaroye	1
koraya	1
mesisulamu	1
kitadeli	1
nitrori	1
gbigbonna	1
fopin	1
enamu	1
egbaa-mokanla-le-egberun	1
laida	1
won-un-ni	1
dalifoni	1
atise	1
oludaunde	1
soju-ona	1
lehemu	1
supimi	1
kusani-risataimu	1
nisinsi	1
tela	1
orinlelugba	1
misireifoti-maimu	1
peteli	1
bewo	1
onigbimo	1
mehetabeli	1
leni	1
yaudi	1
omoogun	1
ikiyesara	1
palali	1
efureti—gbogbo	1
pipamo	1
jubali	1
ifidikale	1
kowoo	1
ohun-kohun	1
sebarimu	1
sooro	1
mesihabu	1
asamifeti	1
biri	1
beti-rafa	1
tetanai	1
kuuru	1
nisinnisin	1
bogiri	1
kaariri	1
esin-isise	1
beti-jesimotu	1
more	1
hai	1
osona	1
eubulu	1
dalimanuta	1
pamopo	1
senari	1
rafini	1
jibisamu	1
igbaja	1
sota	1
beriti	1
asipenasi	1
merindinlogbon	1
ababo	1
nehaloli	1
gbigbera	1
ayesi	1
ansibaku	1
ipinsowo	1
fowokan	1
omodomo	1
mejidinlaadota	1
samiru	1
sunmotile	1
saajuu	1
sedueri	1
ite-aanu	1
sopateru	1
metadinlogoji-o-le-egbeta	1
sigbinaje	1
seniri	1
ojoojo	1
isoso	1
sasaro	1
elionai	1
atiwa	1
joada	1
likia	1
mahalaleeli	1
baalisi	1
igbokunro	1
atobiju	1
mewewa	1
funara	1
lasanlasan	1
oriyin	1
barile	1
bali-hanani	1
oni-tototo	1
temaini	1
mibisari	1
jabali	1
surre	1
jusile	1
niipase	1
panipani	1
isiko	1
itee	1
aminoni	1
eemarun-un	1
sofofo	1
titewon	1
esahadoni	1
iponmi	1
binea	1
elikosi	1
imusesin	1
olomi	1
teereteere	1
midia	1
sorin	1
gbawa	1
jmanaya	1
sifimoti	1
ohukohun	1
melikisua	1
runle	1
gadagba-gadagba	1
laimoomosee	1
winiwini	1
ogbaajara	1
ifokansona	1
haboni	1
eni-o-tosi	1
ipelejo	1
ise-ase	1
sabina	1
merinmerin	1
alailewotan	1
yiyara	1
samosi	1
ijakule	1
asegun	1
toke	1
dimona	1
awo-eran	1
ipahinkeke	1
isiba	1
45	1
gidomu	1
jamberi	1
kojopo	1
irete	1
p'enu	1
luulu	1
igbagboyin	1
ere-kusu	1
lotun	1
samiserai	1
semakia	1
sefatani	1
irun-didi	1
sihori-libinati	1
darijin-in	1
agesin	1
hakila	1
kokanlelegbeta	1
merindinlogun-o-le-igba	1
aditaimu	1
bakibakari	1
jehideisi	1
kinm-in-ni	1
tasetase	1
eekuru	1
ere-ije	1
peruda	1
hee	1
alainito	1
ganimu	1
ifilo	1
iwonwon-igi	1
mokandinlogoje	1
bibere	1
damilare	1
eni-hasori	1
harofi	1
rodesi	1
moloku	1
kuni	1
semari	1
wun	1
saalabini	1
saharaimu	1
abajo	1
beni-hanani	1
otadinlegberin	1
semia	1
juu-ti	1
olooorn	1
asibuku	1
selofehati	1
imotara-eni	1
o-iyefun	1
itankale	1
refa	1
eurakuilo	1
apani	1
jeremaia	1
wuruwuru	1
jafafa	1
idaabo-bo	1
kororo	1
kunwo	1
olosoo	1
jehaieieli	1
orikerike	1
paraku	1
magadieli	1
sagoni	1
resuresu	1
fayafa	1
alailleduro	1
kane	1
etee	1
agbokorin	1
kowa	1
aifarabale	1
olorun—eyi	1
baalihasori	1
sigasiga	1
irokere	1
pasun	1
pokeriti-hesebaimu	1
isikari	1
filimoni	1
peuletai	1
hafaraimu	1
eburoni	1
pe—iwo	1
olufunni	1
funraara	1
gberin	1
ekaniya	1
isodotun	1
eleasani	1
gunni	1
baali-herimoni	1
waa	1
nebalati	1
jeremilo	1
bohani	1
kanjukanju	1
faraya	1
isipopada	1
jeeri	1
raja	1
ama	1
egbetalelogun	1
alajoru	1
etikun	1
ayoleewo	1
hasabiya	1
agbekale	1
yiyin	1
laena	1
fenu-koni-lenu	1
kitironi	1
aipatan	1
bububu	1
obinrin-olola	1
ijafara	1
migido	1
gbiri	1
aloe	1
koriko-odo	1
kisiloni	1
bokisi	1
joju	1
aramea	1
alubukun	1
perida	1
olonii-pe	1
mejilelogosan	1
ore-jije	1
jesohaiya	1
soja	1
reree	1
kedamu	1
pomeganati	1
osika—awon	1
ise-owo	1
sidadi	1
oka-baali	1
ametisti	1
unini	1
abawo	1
samima	1
alaito	1
joahi	1
huriya	1
eni-wiwo	1
baaseba	1
jalaya	1
asaiya	1
ifin	1
eniyani	1
osangangan	1
dalohun	1
dare	1
tewa	1
hasiumu	1
akewi	1
matitatitaya	1
serefati	1
igbakeji	1
siti	1
sokoto	1
iwegi	1
eni-rere	1
se-ohun	1
aidogba	1
akonileru	1
itan-idile	1
idajii	1
tabati	1
oniwo	1
selisa	1
jake-jado	1
isekeke	1
beni-dekeri	1
ofini	1
anaya	1
niyen	1
tanganran	1
eniyan-ohunkohun	1
kala	1
meselemio	1
seyinda	1
obinrin-gbogbo	1
oke-o-le-egbejidinlogun-din-aadota	1
jehoakimu—	1
oniwaduwadu	1
ni-yi	1
oolo	1
ojowu	1
ijiroso	1
paulusi	1
karibunkili	1
iketa-eka	1
wasuu	1
kaboni	1
haroseti-hagoyimu	1
oguso	1
gbinaje	1
sasotele	1
rimoni-peresi	1
mimisi	1
ijan	1
isiliahi	1
etami	1
alasehan	1
beti-haramu	1
aisegbe	1
kibi	1
oru-itiju	1
saritana	1
kili	1
eni-nla	1
ojo-ola	1
orikee	1
iwapele	1
kisiloti-tabori	1
pasihuri	1
karitani	1
ise-ilu	1
sorati	1
ekesan-an	1
parifaimu	1
naa-awon	1
egberunmetadinlogun-o-le-nigba	1
terii	1
mekerati	1
akimole	1
enrogeli	1
sohiti	1
ojidinnirinwo	1
beti-jeiou	1
oniwakuwa	1
agoro	1
foritunatu	1
naro	1
elienai	1
damu	1
sogo-asan	1
besayi	1
lekun-un	1
isefe	1
tinu-tinu	1
benaia	1
yoku	1
lailegan	1
alajopin	1
fomo	1
wi—	1
araare	1
seyisohun	1
ohoabu	1
jaseni	1
sifironi	1
gboin	1
iha-iwo	1
salika	1
o-din-meedogbon	1
iti-igi	1
ssi	1
nisinyi	1
itanmole	1
ateeka	1
isipani	1
alariiya	1
heburoni-sesayi	1
euodia	1
loke-oko	1
iretii	1
samo	1
kiun	1
en-misifati	1
jahuba	1
iwa-tito	1
jasibu	1
anubi	1
nssaare	1
tiyawo	1
aijalonid	1
itunnu	1
ekinini	1
eleadi	1
bialoti	1
ifita-eli	1
kilimadi	1
nesibu	1
oju-iho	1
nihin-inyii	1
koli-hose	1
hasari-adaro	1
kina	1
nehasi	1
fapari	1
enyin	1
t'oru	1
raboni	1
ironu-piwada	1
kiriati-araba	1
fowosowopo	1
banaya	1
mahane-dani	1
naftali	1
omuwe	1
hininoni	1
horami	1
kinamoni	1
lofinda	1
ojodidi	1
salaini	1
alaileeeri	1
bebe-odo	1
sapejuwe	1
basiluti	1
onisumomi	1
ile-orisa	1
dumahi	1
ipeere	1
huwa-kuwa	1
afowopamo	1
omo-oba	1
hananeli	1
petepete	1
bayii-awa	1
maoki	1
segun-ni	1
reseni	1
harumafi	1
olosunwon	1
jesanaya	1
magogu	1
ifurugbin	1
banike	1
idalu	1
afojusun	1
taja	1
manahiti	1
kafuto	1
jabesi-gileadi	1
nisiroku	1
egberinlelogbon	1
moani	1
neba	1
palesitini	1
jordani	1
oru-ina	1
haroe	1
gogoro	1
kanrikan	1
alaiwa	1
alayidayida	1
osiin	1
aiwuwa	1
mejidinlogbon-o-le-egbeje	1
juda-kiriati	1
narai	1
afeka	1
ile-isinku	1
emanueli	1
elieasari	1
pedaheli	1
dimoni	1
kileabu	1
jasubu	1
maaseiya	1
siaha	1
oogbe	1
ifeyinti	1
kikogun	1
ijebi	1
idiyele	1
dete	1
ijogun	1
itaa	1
abana	1
sakariaya	1
kule	1
leko	1
gide	1
ekisodu	1
tikaarare	1
leedi	1
antiripatiri	1
aye—	1
iwamimo	1
pomeganete	1
oti-irubo	1
timuna	1
furasi-gbogbo	1
dakeroro	1
kiriti	1
amisadai	1
iletokileto	1
aseyinbo	1
ahariheli	1
elaekimu	1
matitamaya	1
nsise	1
jinjin-na	1
hurami-abi	1
keren-hapuki	1
biari	1
sitiiki	1
onihoho	1
kibasaimu	1
lada	1
ikiyeje	1
mejidinlogun-o-le-egbeje	1
ateteko	1
omori	1
tunse	1
anwo	1
imi-oorun	1
owo-abetele	1
eluulu	1
kilauda	1
ikuu	1
imuduro	1
samaya	1
ojoojumoo	1
asema	1
joasiu	1
asikeleni	1
jaala	1
bebali	1
aroro	1
ijara	1
kobiara	1
hasamu	1
sowopo	1
henededi	1
pirokoru	1
ile-isin	1
yanfe	1
alajobi	1
abiya	1
awokose	1
fulawa	1
mejileni-ogoji	1
beeri-lahai-roi	1
onifekufee	1
nisisin	1
ogun-jija	1
eeti	1
lo—awon	1
timimu	1
160	1
adoraimu	1
gbayin	1
onilaja	1
rinle	1
mi-to	1
elemii-esu	1
jerubu-beseti	1
natanaeli	1
pokeri-hasebaimi	1
eleekarun-un	1
isiwaju	1
iskariotu	1
idurole	1
ipani	1
latari	1
elisafi	1
oluse-oorun	1
rfeti	1
onisona-awo	1
sanaara	1
eedegberun-o-le-mewaa	1
gamu	1
irantii	1
maloti	1
sewu	1
ebu	1
goa	1
imubinu	1
orukun	1
madimena	1
harefu	1
agbesan	1
oronro	1
kebani	1
olofin	1
ora-ebo	1
beti-hagani	1
jonirun	1
jesi	1
rafani	1
awosanmopelu	1
merindin	1
hodaia	1
fufuleelee	1
igi-ipile	1
segiu	1
hagedolimu	1
awati	1
betili	1
ikuna	1
tokotaya	1
esikoli	1
ogogorun-un	1
eran-igbe	1
nata	1
batolomiu	1
kee	1
ketenfe	1
senasari	1
isimerai	1
ramonu	1
ayonilenu	1
egberindinlegbaarin-o-din	1
onitunu	1
danto	1
somi	1
magidieli	1
eni-diduro-sinsin	1
meresa	1
agi	1
metalelaadojo	1
ojusaaj	1
agegi	1
panaki	1
arundinlogoji	1
munadoko	1
kapenamu	1
hafoti	1
igboriyin	1
ejidinlaadota	1
metalelogbon-o-le-egbeta	1
kako	1
kadimali	1
kohabi	1
ijepipe	1
abeli-misiraimu	1
eemii	1
okuta-olo	1
yanran	1
dikila	1
ikansoso	1
ogangan	1
ponyan	1
ipaya-eru	1
sebania	1
sago	1
kerimeli	1
galibanumu	1
side	1
aranso	1
sapere	1
afikunsinu	1
lefi—olukuluku	1
porifiko	1
akunya	1
fomi	1
l'okan	1
sape	1
geerege	1
kobo	1
igbadegba	1
beti-anoti	1
wonisan	1
detisile	1
ebun-itoju	1
onka	1
kerioti-hesironi	1
roye	1
afaramo	1
amamu	1
rirubo	1
meji-meji	1
ekaarun	1
hara	1
laasi	1
kabulu	1
epikure	1
idile—	1
akapo	1
isaaju—ti	1
joela	1
gbagidi	1
afila	1
ukali	1
jemaria	1
sojusaaju	1
ihuhu	1
awoku	1
igbowole	1
ikole	1
jasubi	1
jinnu	1
makidonia	1
dan-jaani	1
aileeeri	1
hasasoni	1
pedege	1
batani	1
ibi-mimo	1
peali	1
aramani	1
diti	1
ataliah	1
amali	1
asodi	1
kerusi	1
lentili	1
eliati	1
ogun—sugbon	1
eni-amin	1
masaroti	1
ago-ara	1
johorami	1
merin-lelogun	1
oku-ni	1
surisaddai	1
teranko	1
olokunkun	1
manamana	1
ehin	1
lantata	1
polukisu	1
akeloni	1
onide	1
yin—ki	1
eeso	1
mirima	1
betonimu	1
atiyo	1
mikan	1
niluu	1
agboye	1
egbaamokanlelogun	1
ogbufo	1
ati-gba-de-gba	1
jula	1
wa—	1
susu	1
imolu	1
imimeri	1
isan-omi	1
aduro	1
elisaheba	1
sabakitani	1
serebia	1
salimaneseri	1
ifowo	1
tiberiu	1
onilora	1
kriati-hosotia	1
amotan	1
afinise	1
hesioni	1
kilogiramu	1
rafeni	1
digbolu	1
aran	1
gbon-ingbon-in	1
hiiti	1
taari	1
maarati	1
meholati	1
daniloju	1
haniferi	1
sakariha	1
imudogba	1
saije	1
beula	1
aaya	1
obadiah	1
jehoiakiamu	1
seira	1
sebe	1
runra	1
melita	1
o-le-meje	1
ogorun-un-ogorun-un	1
tagbokun	1
laa	1
onigbagbe	1
lakumi	1
laikola	1
bafayi	1
useni	1
berotali	1
ifefee	1
irinkiri	1
piramu	1
kirete	1
hikiani	1
ataaya	1
tayotayo	1
ifi-nnkan-pamo-si	1
gboriyin	1
salomi	1
woda	1
erunrun	1
milikomi	1
ema	1
efon	1
rikisi	1
ajesi	1
oke-ilu	1
mekunnu	1
lopopopo	1
iponloju	1
amuriamu	1
igemole	1
wule	1
sobaki	1
rawon	1
buja	1
adirieli	1
elika	1
aruma	1
ideni	1
samimua	1
mogege	1
iya-alagbato	1
nle	1
yankanyankan	1
janai	1
ayaa	1
ifowosofo	1
yikayika	1
kololoko	1
oro-siso	1
gahari	1
ede—gesemu	1
sobi	1
itakete	1
jijokoo	1
uni	1
fun-ra-ra-re	1
silemu—omo	1
tanbori	1
fura	1
ponpola	1
ayajo	1
silisa	1
eliamu	1
gbolohun-aso	1
nisiroki	1
mejidinlaadoje	1
esibai	1
jotiba	1
asahiaya	1
yaa	1
ipegan	1
itila	1
elehoenayi	1
itore-aanu	1
tibisi	1
ogojo	1
lebikamai	1
gbigbona—	1
asuwani	1
ididi	1
olufihan	1
finni-finni	1
sisunmo	1
finran	1
sarari	1
atilo	1
atarotu-adari	1
wora	1
eliahiba	1
loojo	1
gbarale	1
hasari-suali	1
jehohananii	1
taku	1
lade	1
kederi	1
demetirosi	1
rafiati	1
alafarawe	1
ojojo	1
sinuigbe-aye	1
afidi	1
atubotan	1
egilaemu	1
ogoogorun-un	1
asu	1
elohe	1
manahati	1
egbeta-o-din-marun-un	1
gerisomi	1
alaheso	1
okunn	1
karita	1
efani	1
ibi-iwe-mimo	1
hafeki	1
ariranl	1
asenatu	1
keneroti	1
palo	1
ifidimule	1
alailolugbe	1
ojusaaaju	1
baali-beriti	1
alailefenuso	1
hosama	1
elisafali	1
pakopako	1
besodaya	1
temeni	1
idaabu	1
aleje	1
sanlo	1
ogba-igi	1
ahilai	1
nisan	1
igbamu	1
funfunu	1
iyanje	1
o-nitori	1
ideri	1
safa	1
pe—	1
bibani	1
mejilelaadofa	1
gbojusoke	1
gigagiga	1
matitihia	1
kudede	1
ibagbe	1
anetoti	1
o—gbogbo	1
onisinmi	1
ailola	1
ismaeli	1
tafati	1
baniwi	1
igba-o-le-mesan	1
perasimu	1
ayoo	1
kiloe	1
lodindi	1
sakani	1
titutu	1
simirani	1
jakimi	1
hagiri	1
sibeemi	1
siriafonisia	1
abiasafu	1
eweewa	1
arara	1
looloo	1
ipaara	1
akilosi	1
ifami-ororo	1
el	1
yaju	1
